:020000040800F2
:1000000000500020C1580008215600082956000859
:10001000315600083956000841560008000000001B
:100020000000000000000000000000004956000829
:100030005556000800000000615600086D56000883
:100040000959000809590008095900080959000808
:1000500009590008095900080959000809590008F8
:1000600009590008095900080959000809590008E8
:10007000095900080959000809590008795600086B
:100080008D56000809590008095900080959000847
:10009000095900080959000809590008A156000823
:1000A00009590008095900080959000809590008A8
:1000B0000959000809590008095900080959000898
:1000C0000959000809590008095900080959000888
:1000D00009590008B1560008C5560008095900081A
:1000E00009590008095900080959000800000000D2
:1000F0000000000000000000000000000000000000
:0C01000000000000000000005FF808F1A3
:1001100010B5054C237833B9044B13B10448AFF341
:1001200000800123237010BDD401002000000000D6
:10013000FCB3000808B5034B1BB103490348AFF3F8
:10014000008008BD00000000D8010020FCB30008BA
:1001500081F0004102E000BF83F0004330B54FEA78
:1001600041044FEA430594EA050F08BF90EA020FE5
:100170001FBF54EA000C55EA020C7FEA645C7FEA78
:10018000655C00F0E2804FEA5454D4EB5555B8BF9B
:100190006D420CDD2C4480EA020281EA030382EA0C
:1001A000000083EA010180EA020281EA0303362D9E
:1001B00088BF30BD11F0004F4FEA01314FF4801C71
:1001C0004CEA113102D0404261EB410113F0004F83
:1001D0004FEA03334CEA133302D0524263EB43033A
:1001E00094EA050F00F0A780A4F10104D5F1200ED8
:1001F0000DDB02FA0EFC22FA05F2801841F1000133
:1002000003FA0EF2801843FA05F359410EE0A5F106
:1002100020050EF1200E012A03FA0EFC28BF4CF037
:10022000020C43FA05F3C01851EBE37101F00045ED
:1002300007D54FF0000EDCF1000C7EEB00006EEBFA
:100240000101B1F5801F1BD3B1F5001F0CD3490884
:100250005FEA30004FEA3C0C04F101044FEA4452DB
:1002600012F5800F80F09A80BCF1004F08BF5FEA62
:10027000500C50F1000041EB045141EA050130BD42
:100280005FEA4C0C404141EB0101013C28BFB1F554
:10029000801FE9D291F0000F04BF01460020B1FA9F
:1002A00081F308BF2033A3F10B03B3F120020CDA72
:1002B0000C3208DD02F1140CC2F10C0201FA0CF050
:1002C00021FA02F10CE002F11402D8BFC2F1200CB5
:1002D00001FA02F120FA0CFCDCBF41EA0C0190406B
:1002E000E41AA2BF01EB0451294330BD6FEA0404B4
:1002F0001F3C1CDA0C340EDC04F11404C4F120029F
:1003000020FA04F001FA02F340EA030021FA04F3B0
:1003100045EA030130BDC4F10C04C4F1200220FA07
:1003200002F001FA04F340EA0300294630BD21FA45
:1003300004F0294630BD94F0000F83F4801306BF0B
:1003400081F480110134013D4EE77FEA645C18BFFF
:100350007FEA655C29D094EA050F08BF90EA020F96
:1003600005D054EA000C04BF1946104630BD91EA8E
:10037000030F1EBF0021002030BD5FEA545C05D191
:100380004000494128BF41F0004130BD14F58004D0
:100390003CBF01F5801130BD01F0004545F0FE4144
:1003A00041F470014FF0000030BD7FEA645C1ABF79
:1003B000194610467FEA655C1CBF0B46024650EAB0
:1003C000013406BF52EA033591EA030F41F40021DC
:1003D00030BD00BF90F0000F04BF0021704730B562
:1003E0004FF4806404F132044FF000054FF0000137
:1003F00050E700BF90F0000F04BF0021704730B5F8
:100400004FF4806404F1320410F0004548BF4042CC
:100410004FF000013EE700BF42004FEAE2014FEA21
:1004200031014FEA02701FBF12F07F4393F07F4FFC
:1004300081F06051704732F07F4208BF704793F0FF
:100440007F4F04BF41F40021704730B54FF4607412
:1004500001F0004521F000411CE700BF50EA010215
:1004600008BF704730B54FF000050AE050EA0102BE
:1004700008BF704730B511F0004502D5404261EB2E
:1004800041014FF4806404F132045FEA915C3FF46F
:10049000D8AE4FF003025FEADC0C18BF03325FEA0C
:1004A000DC0C18BF033202EBDC02C2F1200300FABD
:1004B00003FC20FA02F001FA03FE40EA0E0021FAE2
:1004C00002F11444BDE600BF4FEA4102B2F1E0433D
:1004D00024BFB3F5001CDCF1FE5C0DD901F0004C2B
:1004E0004FEAC0024CEA5070B2F1004F40EB83007B
:1004F00008BF20F00100704711F0804F21D113F1A7
:100500003872BCBF01F00040704741F480114FEADF
:100510005252C2F11802C2F1200C10FA0CF320FA68
:1005200002F018BF40F001004FEAC1234FEAD32385
:1005300003FA0CFC40EA0C0023FA02F34FEA4303EF
:10054000CCE77FEA625307D150EA01331EBF4FF078
:10055000FE4040F44000704701F0004040F0FE4093
:1005600040F40000704700BF80F0004002E000BF90
:1005700081F0004142001FBF5FEA410392EA030F8E
:100580007FEA226C7FEA236C6AD04FEA1262D2EBD8
:100590001363C1BFD218414048404140B8BF5B42DD
:1005A000192B88BF704710F0004F40F4000020F076
:1005B0007F4018BF404211F0004F41F4000121F08C
:1005C0007F4118BF494292EA030F3FD0A2F10102D6
:1005D00041FA03FC10EB0C00C3F1200301FA03F114
:1005E00000F0004302D5494260EB4000B0F5000F37
:1005F00013D3B0F1807F06D340084FEA310102F1F6
:100600000102FE2A51D2B1F1004F40EBC25008BFA7
:1006100020F0010040EA03007047490040EB000071
:10062000013A28BFB0F5000FEDD2B0FA80FCACF172
:10063000080CB2EB0C0200FA0CF0AABF00EBC2509F
:1006400052421843BCBFD0401843704792F0000F8D
:1006500081F4000106BF80F400000132013BB5E7E0
:100660004FEA41037FEA226C18BF7FEA236C21D056
:1006700092EA030F04D092F0000F08BF08467047BB
:1006800090EA010F1CBF0020704712F07F4F04D189
:10069000400028BF40F00040704712F100723CBF9C
:1006A00000F50000704700F0004343F0FE4040F4C6
:1006B000000070477FEA226216BF08467FEA236384
:1006C0000146420206BF5FEA412390EA010F40F46F
:1006D000800070474FF0000304E000BF10F00043BB
:1006E00048BF40425FEA000C08BF704743F09643A2
:1006F00001464FF000001CE050EA010208BF7047BD
:100700004FF000030AE000BF50EA010208BF704743
:1007100011F0004302D5404261EB41015FEA010C58
:1007200002BF84460146002043F0B64308BFA3F150
:100730008053A3F50003BCFA8CF2083AA3EBC25332
:1007400010DB01FA02FC634400FA02FCC2F1200251
:10075000BCF1004F20FA02F243EB020008BF20F088
:100760000100704702F1200201FA02FCC2F12002EE
:1007700050EA4C0021FA02F243EB020008BF20EAE3
:10078000DC7070474FF0FF0C1CEAD0521EBF1CEA11
:10079000D15392EA0C0F93EA0C0F6FD01A4480EAFF
:1007A000010C400218BF5FEA41211ED04FF00063E8
:1007B00043EA501043EA5111A0FB01310CF0004014
:1007C000B1F5000F3EBF490041EAD3715B0040EA3A
:1007D000010062F17F02FD2A1DD8B3F1004F40EB0A
:1007E000C25008BF20F00100704790F0000F0CF0DD
:1007F000004C08BF49024CEA502040EA51207F3AA1
:10080000C2BFD2F1FF0340EAC250704740F400007B
:100810004FF00003013A5DDC12F1190FDCBF00F06C
:1008200000407047C2F10002410021FA02F1C2F11A
:10083000200200FA02FC5FEA310040F1000053EAB6
:100840004C0308BF20EADC70704792F0000F00F004
:10085000004C02BF400010F4000F013AF9D040EA0A
:100860000C0093F0000F01F0004C02BF490011F49E
:10087000000F013BF9D041EA0C018FE70CEAD1539C
:1008800092EA0C0F18BF93EA0C0F0AD030F0004C1C
:1008900018BF31F0004CD8D180EA010000F00040D0
:1008A000704790F0000F17BF90F0004F084691F08E
:1008B000000F91F0004F14D092EA0C0F01D14202C8
:1008C0000FD193EA0C0F03D14B0218BF084608D191
:1008D00080EA010000F0004040F0FE4040F40000DB
:1008E000704740F0FE4040F4400070474FF0FF0C6E
:1008F0001CEAD0521EBF1CEAD15392EA0C0F93EAB5
:100900000C0F69D0A2EB030280EA010C49024FEA06
:10091000402037D04FF0805343EA111143EA1013BF
:100920000CF000408B4238BF5B0042F17D024FF477
:10093000000C8B4224BF5B1A40EA0C00B3EB510F52
:1009400024BFA3EB510340EA5C00B3EB910F24BF3B
:10095000A3EB910340EA9C00B3EBD10F24BFA3EBC0
:10096000D10340EADC001B0118BF5FEA1C1CE0D188
:10097000FD2A3FF650AF8B4240EBC25008BF20F03B
:10098000010070470CF0004C4CEA50207F32C2BF8F
:10099000D2F1FF0340EAC250704740F400004FF02C
:1009A0000003013A37E792F0000F00F0004C02BF5D
:1009B000400010F4000F013AF9D040EA0C0093F027
:1009C000000F01F0004C02BF490011F4000F013B81
:1009D000F9D041EA0C0195E70CEAD15392EA0C0FE9
:1009E00008D142027FF47DAF93EA0C0F7FF470AF21
:1009F000084676E793EA0C0F04D14B023FF44CAF64
:100A000008466EE730F0004C18BF31F0004CCAD1F8
:100A100030F000427FF45CAF31F000437FF43CAF34
:100A20005FE700BF4FF0FF3C06E000BF4FF0010C56
:100A300002E000BF4FF0010C4DF804CD4FEA400238
:100A40004FEA41037FEA226C18BF7FEA236C11D082
:100A500001B052EA530C18BF90EA010F58BFB2EB35
:100A6000030088BFC81738BF6FEAE17018BF40F0B5
:100A7000010070477FEA226C02D15FEA402C05D169
:100A80007FEA236CE4D15FEA412CE1D05DF8040BEE
:100A9000704700BF844608466146FFE70FB5FFF781
:100AA000C9FF002848BF10F1000F0FBD4DF808ED39
:100AB000FFF7F4FF0CBF012000205DF808FB00BF2A
:100AC0004DF808EDFFF7EAFF34BF012000205DF884
:100AD00008FB00BF4DF808EDFFF7E0FF94BF0120D1
:100AE00000205DF808FB00BF4DF808EDFFF7D2FFCE
:100AF00094BF012000205DF808FB00BF4DF808ED11
:100B0000FFF7C8FF34BF012000205DF808FB00BFDD
:100B10004FEA40024FEA41037FEA226C02D15FEACA
:100B2000402C08D17FEA236C02D15FEA412C02D12C
:100B30004FF0000070474FF0010070474FEA40024D
:100B4000B2F1FE4F0FD34FF09E03B3EB12620DD9FB
:100B50004FEA002343F0004310F0004F23FA02F065
:100B600018BF404270474FF00000704712F1610F0C
:100B700001D1420205D110F0004008BF6FF00040E3
:100B800070474FF000007047034613F8012B002A0E
:100B9000FBD1181A0138704770B54FF0FF0C4CF4B8
:100BA000E06C1CEA11541DBF1CEA135594EA0C0FAB
:100BB00095EA0C0F00F0DEF82C4481EA030621EAE6
:100BC0004C5123EA4C5350EA013518BF52EA033521
:100BD00041F4801143F4801338D0A0FB02CE4FF0D3
:100BE0000005E1FB02E506F00042E0FB03E54FF003
:100BF0000006E1FB03569CF0000F18BF4EF0010EFB
:100C0000A4F1FF04B6F5007F64F5407404D25FEAF6
:100C10004E0E6D4146EB060642EAC62141EA5551A9
:100C20004FEAC52040EA5E504FEACE2EB4F1FD0CEB
:100C300088BFBCF5E06F1ED8BEF1004F08BF5FEA69
:100C4000500E50F1000041EB045170BD06F000461B
:100C500046EA010140EA020081EA0301B4EB5C04C8
:100C6000C2BFD4EB0C0541EA045170BD41F48011C0
:100C70004FF0000E013C00F3AB8014F1360FDEBFE5
:100C8000002001F0004170BDC4F10004203C35DAC1
:100C90000C341BDC04F11404C4F1200500FA05F344
:100CA00020FA04F001FA05F240EA020001F00042E5
:100CB00021F0004110EBD37021FA04F642EB06015B
:100CC0005EEA430E08BF20EAD37070BDC4F10C0485
:100CD000C4F1200500FA04F320FA05F001FA04F249
:100CE00040EA020001F0004110EBD37041F1000135
:100CF0005EEA430E08BF20EAD37070BDC4F1200540
:100D000000FA05F24EEA020E20FA04F301FA05F2A7
:100D100043EA020321FA04F001F0004121FA04F24F
:100D200020EA020000EBD3705EEA430E08BF20EA1F
:100D3000D37070BD94F0000F0FD101F00046400059
:100D400041EB010111F4801F08BF013CF7D041EADB
:100D5000060195F0000F18BF704703F000465200DF
:100D600043EB030313F4801F08BF013DF7D043EAB0
:100D70000603704794EA0C0F0CEA135518BF95EA66
:100D80000C0F0CD050EA410618BF52EA4306D1D1ED
:100D900081EA030101F000414FF0000070BD50EA0C
:100DA000410606BF1046194652EA430619D094EA96
:100DB0000C0F02D150EA013613D195EA0C0F05D180
:100DC00052EA03361CBF104619460AD181EA0301D4
:100DD00001F0004141F0FE4141F470014FF000008C
:100DE00070BD41F0FE4141F4780170BD70B54FF027
:100DF000FF0C4CF4E06C1CEA11541DBF1CEA1355A7
:100E000094EA0C0F95EA0C0F00F0A7F8A4EB050488
:100E100081EA030E52EA03354FEA013100F088807F
:100E20004FEA03334FF0805545EA131343EA126348
:100E30004FEA022245EA111545EA10654FEA0026FD
:100E40000EF000419D4208BF964244F1FD0404F5B6
:100E5000407402D25B084FEA3202B61A65EB030512
:100E60005B084FEA32024FF480104FF4002CB6EBCF
:100E7000020E75EB030E22BFB61A754640EA0C004F
:100E80005B084FEA3202B6EB020E75EB030E22BF8F
:100E9000B61A754640EA5C005B084FEA3202B6EBD0
:100EA000020E75EB030E22BFB61A754640EA9C008F
:100EB0005B084FEA3202B6EB020E75EB030E22BF5F
:100EC000B61A754640EADC0055EA060E18D04FEA1D
:100ED000051545EA16754FEA06164FEAC30343EABD
:100EE00052734FEAC2025FEA1C1CC0D111F4801F8A
:100EF0000BD141EA00014FF000004FF0004CB6E783
:100F000011F4801F04BF01430020B4F1FD0C88BF21
:100F1000BCF5E06F3FF6AFAEB5EB030C04BFB6EB2C
:100F2000020C5FEA500C50F1000041EB045170BD1F
:100F30000EF0004E4EEA113114EB5C04C2BFD4EB4C
:100F40000C0541EA045170BD41F480114FF0000ED0
:100F5000013C90E645EA060E8DE60CEA135594EA4C
:100F60000C0F08BF95EA0C0F3FF43BAF94EA0C0F4F
:100F70000AD150EA01347FF434AF95EA0C0F7FF4C4
:100F800025AF104619462CE795EA0C0F06D152EA18
:100F900003353FF4FDAE1046194622E750EA4106FC
:100FA00018BF52EA43067FF4C5AE50EA41047FF40D
:100FB0000DAF52EA43057FF4EBAE12E74FF0FF3C72
:100FC00006E000BF4FF0010C02E000BF4FF0010C43
:100FD0004DF804CD4FEA410C7FEA6C5C4FEA430CBC
:100FE00018BF7FEA6C5C1BD001B050EA410C0CBF0B
:100FF00052EA430C91EA030F02BF90EA020F00206D
:10100000704710F1000F91EA030F58BF994208BFD3
:1010100090422CBFD8176FEAE37040F00100704790
:101020004FEA410C7FEA6C5C02D150EA013C07D1E7
:101030004FEA430C7FEA6C5CD6D152EA033CD3D032
:101040005DF8040B704700BF8446104662468C462C
:101050001946634600E000BF01B5FFF7B7FF00285F
:1010600048BF10F1000F01BD4DF808EDFFF7F4FF88
:101070000CBF012000205DF808FB00BF4DF808ED13
:10108000FFF7EAFF34BF012000205DF808FB00BF36
:101090004DF808EDFFF7E0FF94BF012000205DF858
:1010A00008FB00BF4DF808EDFFF7CEFF94BF01200D
:1010B00000205DF808FB00BF4DF808EDFFF7C4FF06
:1010C00034BF012000205DF808FB00BF4FEA410C4F
:1010D0007FEA6C5C02D150EA013C0AD14FEA430C32
:1010E0007FEA6C5C02D152EA033C02D14FF000006F
:1010F00070474FF0010070474FEA410212F50012AD
:1011000015D211D56FF47873B3EB625212D94FEA4E
:10111000C12343F0004343EA505311F0004F23FA38
:1011200002F018BF404270474FF00000704750EA8D
:10113000013005D111F0004008BF6FF0004070474A
:101140004FF00000704700BF4A0011D212F50012A4
:1011500011D20DD56FF47873B3EB62520ED44FEA0F
:10116000C12343F0004343EA505323FA02F070478F
:101170004FF00000704750EA013002D14FF0FF30CD
:1011800070474FF00000704738B500220023044636
:101190000D46FFF773FF28B920462946BDE83840C1
:1011A00000F00AB8204605F1004100F005F8404281
:1011B00061EB410138BD00BFD0B500220B4B0646A4
:1011C0000F46FFF7E9FCFFF7BFFF0446FFF702F900
:1011D0000022074BFFF7E0FC02460B46304639463B
:1011E000FEF7BAFFFFF7B0FF2146D0BD0000F03D8B
:1011F0000000F04180B400AF00BFBD4680BC704726
:1012000080B584B000AF78607B68002B01D10123EA
:101210002BE17B6893F83D30DBB2002B06D17B6875
:10122000002283F83C20786804F01AF87B682422B6
:1012300083F83D207B681B681A687B681B6822F076
:1012400001021A607B681B681A687B681B6842F49D
:1012500000421A607B681B681A687B681B6822F46E
:1012600000421A6001F09EFCF8607B685B68814A6E
:10127000934207D8FB68804A934294BF012300231E
:10128000DBB206E0FB687D4A934294BF0123002352
:10129000DBB2002B01D00123E7E0FB68784AA2FB18
:1012A00003239B0CBB607B681B685B6823F03F01DA
:1012B0007B681B68BA680A435A607B681B681B6AB4
:1012C00023F03F017B685B686A4A934202D8BB689F
:1012D000013309E0BB684FF4967202FB03F3694ADD
:1012E000A2FB03239B0901337A6812680B43136244
:1012F0007B681B68DB6923F44F4222F0FF027B68A6
:101300005B685C498B4219D8FB68591E7B685B6837
:101310005B00B1FBF3F3591C40F6FC730B40002B50
:101320000AD0FB68591E7B685B685B00B1FBF3F376
:101330000133C3F30B0351E004234FE07B689B6848
:10134000002B11D1FB68581E7B6859680B465B0067
:101350000B44B0FBF3F30133C3F30B03002B0CBFBF
:1013600001230023DBB212E0FB68581E7B6859683A
:101370000B469B000B4499000B44B0FBF3F3013385
:10138000C3F30B03002B0CBF01230023DBB2002BA4
:1013900001D0012322E07B689B68002B0ED1FB6803
:1013A000581E7B6859680B465B000B44B0FBF3F397
:1013B0000133C3F30B0343F400430FE0FB68581EF3
:1013C0007B6859680B469B000B4499000B44B0FBAB
:1013D000F3F30133C3F30B0343F440437968096823
:1013E0001343CB617B681B681B6823F0C0017B68DB
:1013F000DA697B681B6A1A437B681B680A431A60B8
:101400007B681B689B6823F4034323F0FF037A681F
:1014100011697A68D26811437A6812680B43936045
:101420007B681B68DB6823F0FF017B685A697B6877
:101430009B691A437B681B680A43DA607B681B68F8
:101440001A687B681B6842F001021A607B68002200
:101450001A647B68202283F83D207B6800221A638F
:101460007B68002283F83E20002318461037BD46D3
:1014700080BD00BFA08601007F841E00FF083D00E4
:1014800083DE1B43D34D621080B588B002AFF86095
:10149000084611461A4603467B810B463B8113469C
:1014A000FB8000F06BFF7861FB6893F83D30DBB2A6
:1014B000202B40F0D9807B690093192301226D49CC
:1014C000F86800F0CDFC0346002B01D00223CCE0ED
:1014D000FB6893F83C30012B01D10223C5E0FB6887
:1014E000012283F83C20FB681B681B6803F00103A2
:1014F000012B07D0FB681B681A68FB681B6842F069
:1015000001021A60FB681B681A68FB681B6822F4FA
:1015100000621A60FB68212283F83D20FB684022AC
:1015200083F83E20FB6800221A64FB683A6A5A621C
:10153000FB68BA8C5A85FB685B8D9AB2FB681A858A
:10154000FB684D4ADA62F8883A8979897B690193A8
:10155000BB6A00930346F86800F004FB0346002BC7
:1015600052D0012381E07A69B96AF86800F092FDEF
:101570000346002B0DD0FB681B6C042B07D1FB68C6
:101580001B681A68FB681B6842F400721A6001232A
:101590006BE0FB685B6A1A78FB681B681A61FB6882
:1015A0005B6A5A1CFB685A62FB681B8D013B9AB24E
:1015B000FB681A85FB685B8D9BB2013B9AB2FB68A6
:1015C0005A85FB681B685B6903F00403042B1BD17D
:1015D000FB681B8D002B17D0FB685B6A1A78FB68D1
:1015E0001B681A61FB685B6A5A1CFB685A62FB68DD
:1015F0001B8D013B9AB2FB681A85FB685B8D9BB221
:10160000013B9AB2FB685A85FB681B8D002BAAD15F
:101610007A69B96AF86800F085FD0346002B0DD0A1
:10162000FB681B6C042B07D1FB681B681A68FB68FE
:101630001B6842F400721A60012316E0FB681B6805
:101640001A68FB681B6842F400721A60FB6820226B
:1016500083F83D20FB68002283F83E20FB680022CF
:1016600083F83C20002300E0022318461837BD46CB
:1016700080BD00BF020010000000FFFF80B58CB0ED
:1016800002AFF860084611461A4603467B810B46B6
:101690003B811346FB8000233B6200F06FFE7862C3
:1016A000FB6893F83D30DBB2202B40F050827B6A20
:1016B0000093192301228249F86800F0D1FB034608
:1016C000002B01D0022343E2FB6893F83C30012B4E
:1016D00001D102233CE2FB68012283F83C20FB6835
:1016E0001B681B6803F00103012B07D0FB681B6814
:1016F0001A68FB681B6842F001021A60FB681B68ED
:101700001A68FB681B6822F400621A60FB682222D8
:1017100083F83D20FB68402283F83E20FB680022CE
:101720001A64FB683A6B5A62FB68BA8E5A85FB688A
:101730005B8D9AB2FB681A85FB68624ADA62F888A8
:101740003A8979897B6A0193BB6B00930346F868F9
:1017500000F09EFA0346002B01D00123F8E1FB685C
:101760001B8D002B13D10023FB61FB681B685B6999
:10177000FB61FB681B689B69FB61FB69FB681B687D
:101780001A68FB681B6842F400721A60CCE1FB68BF
:101790001B8D012B1ED1FB681B681A68FB681B6838
:1017A00022F480621A6072B600BF0023BB61FB683E
:1017B0001B685B69BB61FB681B689B69BB61BB699C
:1017C000FB681B681A68FB681B6842F400721A60A9
:1017D00062B635E0FB681B8D022B1ED1FB681B68CF
:1017E0001A68FB681B6842F400621A6072B600BF98
:1017F00000237B61FB681B685B697B61FB681B687E
:101800009B697B617B69FB681B681A68FB681B68C6
:1018100022F480621A6062B612E0FB681B681A68E4
:10182000FB681B6842F480621A6000233B61FB681E
:101830001B685B693B61FB681B689B693B613B699B
:1018400072E1FB681B8D032B00F21F81FB681B8D6F
:10185000012B23D17A6AB96BF86800F0ABFC034620
:10186000002B01D0012373E1FB681B681A69FB6838
:101870005B6AD2B21A70FB685B6A5A1CFB685A62D8
:10188000FB681B8D013B9AB2FB681A85FB685B8D78
:101890009BB2013B9AB2FB685A8545E1FB681B8D00
:1018A000022B52D17B6A0093BB6B00220649F86879
:1018B00000F0D6FA0346002B08D0012348E100BF10
:1018C000020010000000FFFF0400010072B600BF1C
:1018D000FB681B681A68FB681B6842F400721A6098
:1018E000FB681B681A69FB685B6AD2B21A70FB68F6
:1018F0005B6A5A1CFB685A62FB681B8D013B9AB2FB
:10190000FB681A85FB685B8D9BB2013B9AB2FB6852
:101910005A8562B600BFFB681B681A69FB685B6A80
:10192000D2B21A70FB685B6A5A1CFB685A62FB6889
:101930001B8D013B9AB2FB681A85FB685B8D9BB2DD
:10194000013B9AB2FB685A85EEE07B6A0093BB6B61
:1019500000228149F86800F083FA0346002B01D089
:101960000123F5E0FB681B681A68FB681B6822F41A
:1019700080621A6072B600BFFB681B681A69FB6858
:101980005B6AD2B21A70FB685B6A5A1CFB685A62C7
:10199000FB681B8D013B9AB2FB681A85FB685B8D67
:1019A0009BB2013B9AB2FB685A856C4B1B68DB0803
:1019B0006B4AA2FB03231A0A13469B001344DA0066
:1019C000D31A3B623B6A013B3B623B6A002B18D156
:1019D000FB6800221A63FB68202283F83D20FB6825
:1019E000002283F83E20FB681B6C43F02002FB685A
:1019F0001A6462B600BFFB68002283F83C20012312
:101A0000A6E0FB681B685B6903F00403042BD9D1D3
:101A1000FB681B681A68FB681B6842F400721A6056
:101A2000FB681B681A69FB685B6AD2B21A70FB68B4
:101A30005B6A5A1CFB685A62FB681B8D013B9AB2B9
:101A4000FB681A85FB685B8D9BB2013B9AB2FB6811
:101A50005A8562B600BFFB681B681A69FB685B6A3F
:101A6000D2B21A70FB685B6A5A1CFB685A62FB6848
:101A70001B8D013B9AB2FB681A85FB685B8D9BB29C
:101A8000013B9AB2FB685A854EE07A6AB96BF868F6
:101A900000F090FB0346002B01D0012358E0FB68C7
:101AA0001B681A69FB685B6AD2B21A70FB685B6AD2
:101AB0005A1CFB685A62FB681B8D013B9AB2FB689B
:101AC0001A85FB685B8D9BB2013B9AB2FB685A8515
:101AD000FB681B685B6903F00403042B24D1FB68DB
:101AE0001B8D032B07D1FB681B681A68FB681B68FA
:101AF00022F480621A60FB681B681A69FB685B6AE3
:101B0000D2B21A70FB685B6A5A1CFB685A62FB68A7
:101B10001B8D013B9AB2FB681A85FB685B8D9BB2FB
:101B2000013B9AB2FB685A85FB681B8D002B7FF442
:101B300088AEFB68202283F83D20FB68002283F8F2
:101B40003E20FB68002283F83C20002300E00223B3
:101B500018462837BD4680BD040001000000002063
:101B600089B5F81480B588B002AFF8600846114610
:101B70001A4603467B810B463B811346FB80FB687C
:101B80001B681A68FB681B6842F480721A607B6AE3
:101B900000933B6A00224FF00111F86800F060F9F1
:101BA0000346002B0DD0FB681B681B6803F4807391
:101BB000B3F5807F03D1FB684FF400721A640323EE
:101BC0005FE07B89DBB21A46FB681B6802F0FE020D
:101BD0001A617B6A3A6A2D49F86800F0BBF903463E
:101BE000002B01D001234CE000237B61FB681B68C4
:101BF0005B697B61FB681B689B697B617B697A6AB7
:101C0000396AF86800F046FA0346002B0DD0FB68ED
:101C10001B6C042B07D1FB681B681A68FB681B68E8
:101C200042F400721A6001232BE0FB88012B05D1DE
:101C30003B89DAB2FB681B681A6121E03B891B0A09
:101C40009BB2DAB2FB681B681A617A6A396AF86873
:101C500000F020FA0346002B0DD0FB681B6C042B10
:101C600007D1FB681B681A68FB681B6842F40072A6
:101C70001A60012305E03B89DAB2FB681B681A6130
:101C8000002318461837BD4680BD00BF0200010082
:101C900080B588B002AFF860084611461A46034680
:101CA0007B810B463B811346FB80FB681B681A68EF
:101CB000FB681B6842F480621A60FB681B681A6844
:101CC000FB681B6842F480721A607B6A00933B6A6F
:101CD00000224FF00111F86800F0C2F80346002B13
:101CE0000DD0FB681B681B6803F48073B3F5807F1D
:101CF00003D1FB684FF400721A640323AAE07B89C6
:101D0000DBB21A46FB681B6802F0FE021A617B6AAE
:101D10003A6A5249F86800F01DF90346002B01D0D9
:101D2000012397E000237B61FB681B685B697B6193
:101D3000FB681B689B697B617B697A6A396AF86812
:101D400000F0A8F90346002B0DD0FB681B6C042B98
:101D500007D1FB681B681A68FB681B6842F40072B5
:101D60001A60012376E0FB88012B05D13B89DAB2AA
:101D7000FB681B681A6121E03B891B0A9BB2DAB23F
:101D8000FB681B681A617A6A396AF86800F082F9A0
:101D90000346002B0DD0FB681B6C042B07D1FB689E
:101DA0001B681A68FB681B6842F400721A60012302
:101DB00050E03B89DAB2FB681B681A617A6A396ABB
:101DC000F86800F067F90346002B0DD0FB681B6C28
:101DD000042B07D1FB681B681A68FB681B6842F478
:101DE00000721A60012335E0FB681B681A68FB6803
:101DF0001B6842F480721A607B6A00933B6A00227F
:101E00004FF00111F86800F02BF80346002B0DD0BD
:101E1000FB681B681B6803F48073B3F5807F03D1F4
:101E2000FB684FF400721A64032313E07B89DBB272
:101E300043F00103DAB2FB681B681A617B6A3A6AF5
:101E40000649F86800F086F80346002B01D001230C
:101E500000E0002318461837BD4680BD020001008F
:101E600080B584B000AFF860B9603B601346FB7189
:101E700048E03B68B3F1FF3F44D000F07FFA0246F0
:101E8000BB69D31A3A689A4202D33B68002B39D116
:101E9000BB681B0CDBB2012B0DD1FB681B685B69B7
:101EA000DA43BB6813409BB2002B0CBF0123002315
:101EB000DBB21A460CE0FB681B689B69DA43BB681F
:101EC00013409BB2002B0CBF01230023DBB21A4648
:101ED000FB799A4216D1FB6800221A63FB68202224
:101EE00083F83D20FB68002283F83E20FB681B6CD2
:101EF00043F02002FB681A64FB68002283F83C2050
:101F0000012323E0BB681B0CDBB2012B0DD1FB6866
:101F10001B685B69DA43BB6813409BB2002B0CBFA4
:101F200001230023DBB21A460CE0FB681B689B69A7
:101F3000DA43BB6813409BB2002B0CBF0123002384
:101F4000DBB21A46FB799A4293D000231846103729
:101F5000BD4680BD80B584B000AFF860B9607A60DE
:101F60003B6071E0FB681B685B6903F48063B3F559
:101F7000806F23D1FB681B681A68FB681B6842F4FA
:101F800000721A60FB681B686FF480625A61FB681C
:101F900000221A63FB68202283F83D20FB680022A0
:101FA00083F83E20FB681B6C43F00402FB681A6454
:101FB000FB68002283F83C20012367E07B68B3F1D3
:101FC000FF3F41D000F0DAF902463B68D31A7A6845
:101FD0009A4202D37B68002B36D1BB681B0CDBB264
:101FE000012B0CD1FB681B685B69DA43BB681340AB
:101FF0009BB2002B14BF01230023DBB20BE0FB6874
:102000001B689B69DA43BB6813409BB2002B14BF6B
:1020100001230023DBB2002B16D0FB6800221A63D9
:10202000FB68202283F83D20FB68002283F83E20D5
:10203000FB681B6C43F02002FB681A64FB680022FB
:1020400083F83C20012321E0BB681B0CDBB2012B91
:102050000CD1FB681B685B69DA43BB6813409BB219
:10206000002B14BF01230023DBB20BE0FB681B68CD
:102070009B69DA43BB6813409BB2002B14BF01235A
:102080000023DBB2002B7FF46DAF0023184610371E
:10209000BD4680BD80B584B000AFF860B9607A609D
:1020A00034E0F86800F0E3F80346002B01D0012388
:1020B00034E0BB68B3F1FF3F28D000F05FF902467F
:1020C0007B68D31ABA689A4202D3BB68002B1DD131
:1020D000FB681B685B6903F08003802B16D0FB68EC
:1020E00000221A63FB68202283F83D20FB6800224F
:1020F00083F83E20FB681B6C43F02002FB681A64E7
:10210000FB68002283F83C20012307E0FB681B6882
:102110005B6903F08003802BC3D10023184610377E
:10212000BD4680BD80B584B000AFF860B9607A600C
:1021300034E0F86800F09BF80346002B01D001233F
:1021400034E0BB68B3F1FF3F28D000F017F9024636
:102150007B68D31ABA689A4202D3BB68002B1DD1A0
:10216000FB681B685B6903F00403042B16D0FB6853
:1021700000221A63FB68202283F83D20FB680022BE
:1021800083F83E20FB681B6C43F02002FB681A6456
:10219000FB68002283F83C20012307E0FB681B68F2
:1021A0005B6903F00403042BC3D1002318461037E6
:1021B000BD4680BD80B584B000AFF860B9607A607C
:1021C00049E0FB681B685B6903F01003102B19D111
:1021D000FB681B686FF010025A61FB6800221A63EB
:1021E000FB68202283F83D20FB68002283F83E2014
:1021F000FB681A6CFB681A64FB68002283F83C20B9
:10220000012330E000F0BAF802467B68D31ABA68BE
:102210009A4202D3BB68002B1DD1FB681B685B6927
:1022200003F04003402B16D0FB6800221A63FB68C2
:10223000202283F83D20FB68002283F83E20FB68C3
:102240001B6C43F02002FB681A64FB68002283F8D1
:102250003C20012307E0FB681B685B6903F0400337
:10226000402BAED1002318461037BD4680BD80B448
:1022700083B000AF78607B681B685B6903F48063A0
:10228000B3F5806F1BD17B681B686FF480625A6165
:102290007B6800221A637B68202283F83D207B68DC
:1022A000002283F83E207B681B6C43F004027B68AD
:1022B0001A647B68002283F83C20012300E000239D
:1022C00018460C37BD4680BC7047000080B500AF93
:1022D000084B1B68074A43F010031360032001F00A
:1022E000D3F90F2000F008F803F0F6F900231846A0
:1022F00080BD00BF0020024080B582B000AF786092
:10230000124B1A68124B1B7819464FF47A73B3FBC1
:10231000F1F3B2FBF3F3184601F0EBF90346002B9F
:1023200001D001230EE07B680F2B0AD800227968C8
:102330004FF0FF3001F0B3F9064A7B6813600023C9
:1023400000E0012318460837BD4680BD000000208C
:10235000080000200400002080B400AF054B1B786B
:102360001A46054B1B681344034A136000BFBD4661
:1023700080BC704708000020F001002080B400AF4E
:10238000024B1B681846BD4680BC7047F001002018
:1023900080B584B000AF7860FFF7F0FFB8607B686D
:1023A000FB60FB68B3F1FF3F05D00A4B1B781A4670
:1023B000FB681344FB6000BFFFF7E0FF0246BB6809
:1023C000D31AFA689A42F7D800BF00BF1037BD464B
:1023D00080BD00BF0800002080B400AF044B1B6824
:1023E000034A23F00203136000BFBD4680BC704760
:1023F00010E000E080B400AF044B1B68034A43F0D8
:102400000203136000BFBD4680BC704710E000E0CF
:1024100080B586B000AF78607B68002B01D10123C6
:1024200072E27B681B6803F00103002B00F08780D9
:10243000924B5B6803F00C03042B0CD08F4B5B6852
:1024400003F00C03082B12D18C4B5B6803F4803330
:10245000B3F5803F0BD1894B1B6803F40033002B8D
:102460006CD07B685B68002B68D101234CE27B68F1
:102470005B68B3F5803F06D1804B1B687F4A43F40D
:10248000803313602EE07B685B68002B0CD17B4BA4
:102490001B687A4A23F480331360784B1B68774AB1
:1024A00023F4802313601DE07B685B68B3F5A02FE5
:1024B0000CD1724B1B68714A43F4802313606F4B3D
:1024C0001B686E4A43F4803313600BE06B4B1B6850
:1024D0006A4A23F480331360684B1B68674A23F40D
:1024E000802313607B685B68002B13D0FFF746FFE7
:1024F000386108E0FFF742FF02463B69D31A642BBC
:1025000001D9032300E25D4B1B6803F40033002B69
:10251000F0D014E0FFF732FF386108E0FFF72EFF3C
:1025200002463B69D31A642B01D90323ECE1534BD8
:102530001B6803F40033002BF0D100E000BF7B6880
:102540001B6803F00203002B63D04C4B5B6803F065
:102550000C03002B0BD0494B5B6803F00C03082BDA
:102560001CD1464B5B6803F48033002B16D1434BE0
:102570001B6803F00203002B05D07B681B69012B4D
:1025800001D00123C0E13D4B1B6823F0F8027B68BA
:102590005B69DB00394913430B603AE07B681B69D8
:1025A000002B20D0364B01221A60FFF7E7FE38617E
:1025B00008E0FFF7E3FE02463B69D31A022B01D97C
:1025C0000323A1E12D4B1B6803F00203002BF0D085
:1025D0002A4B1B6823F0F8027B685B69DB00274904
:1025E00013430B6015E0264B00221A60FFF7C6FE6E
:1025F000386108E0FFF7C2FE02463B69D31A022B9E
:1026000001D9032380E11D4B1B6803F00203002B5B
:10261000F0D17B681B6803F00803002B3AD07B687D
:102620009B69002B19D0174B01221A60FFF7A6FEF9
:10263000386108E0FFF7A2FE02463B69D31A022B7D
:1026400001D9032360E10D4B5B6A03F00203002B09
:10265000F0D0012000F0CEFA1CE00A4B00221A60F4
:10266000FFF78CFE38610FE0FFF788FE02463B69FA
:10267000D31A022B08D9032346E100BF0010024001
:102680000000424280044242924B5B6A03F0020324
:10269000002BE9D17B681B6803F00403002B00F0DA
:1026A000A6800023FB758B4BDB6903F08053002B66
:1026B0000DD1884BDB69874A43F08053D361854B4A
:1026C000DB6903F08053BB60BB680123FB75824B61
:1026D0001B6803F48073002B18D17F4B1B687E4A64
:1026E00043F480731360FFF749FE386108E0FFF799
:1026F00045FE02463B69D31A642B01D9032303E14B
:10270000754B1B6803F48073002BF0D07B68DB688B
:10271000012B06D16F4B1B6A6E4A43F00103136213
:102720002DE07B68DB68002B0CD16A4B1B6A694A81
:1027300023F001031362674B1B6A664A23F004030C
:1027400013621CE07B68DB68052B0CD1614B1B6AB4
:10275000604A43F0040313625E4B1B6A5D4A43F018
:10276000010313620BE05B4B1B6A5A4A23F001031F
:102770001362584B1B6A574A23F0040313627B68A9
:10278000DB68002B15D0FFF7F9FD38610AE0FFF791
:10279000F5FD02463B69D31A41F28832934201D9D2
:1027A0000323B1E04B4B1B6A03F00203002BEED076
:1027B00014E0FFF7E3FD38610AE0FFF7DFFD0246B2
:1027C0003B69D31A41F28832934201D903239BE03B
:1027D000404B1B6A03F00203002BEED1FB7D012B63
:1027E00005D13C4BDB693B4A23F08053D3617B68C6
:1027F000DB69002B00F08780364B5B6803F00C032D
:10280000082B61D07B68DB69022B46D1334B002259
:102810001A60FFF7B3FD386108E0FFF7AFFD02462D
:102820003B69D31A022B01D903236DE0294B1B68A6
:1028300003F00073002BF0D17B681B6AB3F5803F77
:1028400008D1244B5B6823F400327B689B682149E4
:1028500013434B601F4B5B6823F474127B68196A47
:102860007B685B6A0B431B4913434B601B4B012284
:102870001A60FFF783FD386108E0FFF77FFD02462D
:102880003B69D31A022B01D903233DE0114B1B688E
:1028900003F00073002BF0D035E0104B00221A60DB
:1028A000FFF76CFD386108E0FFF768FD02463B6901
:1028B000D31A022B01D9032326E0064B1B6803F031
:1028C0000073002BF0D11EE07B68DB69012B07D180
:1028D000012319E0001002400070004060004242F5
:1028E0000B4B5B68FB60FB6803F480327B681B6A00
:1028F0009A4206D1FB6803F470127B685B6A9A42C5
:1029000001D0012300E0002318461837BD4680BDE2
:102910000010024080B584B000AF786039607B68F9
:10292000002B01D10123D0E06A4B1B6803F00703A1
:102930003A689A4210D9674B1B6823F00702654931
:102940003B6813430B60634B1B6803F007033A6853
:102950009A4201D00123B8E07B681B6803F00203B0
:10296000002B20D07B681B6803F00403002B05D0EC
:10297000594B5B68584A43F4E06353607B681B68BB
:1029800003F00803002B05D0534B5B68524A43F415
:1029900060535360504B5B6823F0F0027B689B6888
:1029A0004D4913434B607B681B6803F00103002B08
:1029B00040D07B685B68012B07D1474B1B6803F451
:1029C0000033002B15D101237FE07B685B68022B6D
:1029D00007D1414B1B6803F00073002B09D1012381
:1029E00073E03D4B1B6803F00203002B01D1012370
:1029F0006BE0394B5B6823F003027B685B68364908
:102A000013434B60FFF7BAFCF8600AE0FFF7B6FC2F
:102A10000246FB68D31A41F28832934201D903235C
:102A200053E02D4B5B6803F00C027B685B689B00F6
:102A30009A42EBD1274B1B6803F007033A689A428E
:102A400010D2244B1B6823F0070222493B68134332
:102A50000B60204B1B6803F007033A689A4201D0D1
:102A6000012332E07B681B6803F00403002B08D0CD
:102A7000194B5B6823F4E0627B68DB6816491343FB
:102A80004B607B681B6803F00803002B09D0124BD6
:102A90005B6823F460527B681B69DB000E491343BB
:102AA0004B6000F021F802460B4B5B681B0903F0FA
:102AB0000F030A49CB5C22FA03F3094A1360094B5E
:102AC0001B681846FFF718FC002318461037BD4650
:102AD00080BD00BF0020024000100240B0B90008D5
:102AE000000000200400002080B487B000AF002365
:102AF000FB600023BB6000237B6100237B6000231D
:102B00003B611E4B5B68FB60FB6803F00C03042B0E
:102B100002D0082B03D027E0194B3B6127E0FB686C
:102B20009B0C03F00F03174AD35C7B60FB6803F434
:102B30008033002B10D0114B5B685B0C03F001035A
:102B4000114AD35CBB607B680D4A03FB02F2BB6891
:102B5000B2FBF3F37B6104E07B680C4A02FB03F3F6
:102B60007B617B693B6102E0054B3B6100BF3B69D8
:102B700018461C37BD4680BC704700BF001002409D
:102B800000127A00C8B90008D8B9000800093D0051
:102B900080B400AF024B1B681846BD4680BC70472E
:102BA0000000002080B500AFFFF7F2FF0246054BA2
:102BB0005B681B0A03F007030349CB5C22FA03F3AB
:102BC000184680BD00100240C0B9000880B500AFB3
:102BD000FFF7DEFF0246054B5B68DB0A03F00703E5
:102BE0000349CB5C22FA03F3184680BD0010024073
:102BF000C0B9000880B485B000AF78600A4B1B688C
:102C00000A4AA2FB03235B0A7A6802FB03F3FB6018
:102C100000BFFB685A1EFA60002BF9D100BF00BF4D
:102C20001437BD4680BC704700000020D34D6210B1
:102C300080B48BB000AF7860396000237B620023E2
:102C40003B6269E101227B6A02FA03F3FB613B68A4
:102C50001B68FA691340BB61BA69FB699A4240F08C
:102C600058813B685B689A4A93425ED0984A934287
:102C700075D8984A934258D0964A93426FD8964A4C
:102C8000934252D0944A934269D8944A93424CD08A
:102C9000924A934263D8924A934246D0904A9342D2
:102CA0005DD8122B2AD8122B59D801A252F823F042
:102CB0002B2D0008052D0008172D0008592D0008A0
:102CC0005F2D00085F2D00085F2D00085F2D0008B4
:102CD0005F2D00085F2D00085F2D00085F2D0008A4
:102CE0005F2D00085F2D00085F2D00085F2D000894
:102CF0005F2D00080D2D0008212D0008794A934210
:102D000013D02CE03B68DB683B6229E03B68DB6862
:102D100004333B6224E03B68DB6808333B621FE01E
:102D20003B68DB680C333B621AE03B689B68002B16
:102D300002D104233B6213E03B689B68012B05D161
:102D400008233B627B68FA691A6109E008233B6249
:102D50007B68FA695A6103E000233B6200E000BF30
:102D6000BB69FF2B01D87B6801E07B6804337B6182
:102D7000BB69FF2B02D87B6A9B0002E07B6A083BA1
:102D80009B003B617B691A680F213B6901FA03F3E1
:102D9000DB431A40396A3B6901FA03F31A437B6942
:102DA0001A603B685B6803F08053002B00F0B18031
:102DB0004D4B9B694C4A43F0010393614A4B9B691D
:102DC00003F00103BB60BB68484A7B6A9B0802337F
:102DD00052F82330FB607B6A03F003039B000F2251
:102DE00002FA03F3DB43FA681340FB607B68404A56
:102DF000934213D07B683F4A93420DD07B683E4A92
:102E0000934207D07B683D4A934201D1032306E0F9
:102E1000042304E0022302E0012300E000237A6A95
:102E200002F0030292009340FA681343FB602F49BB
:102E30007B6A9B080233FA6841F823203B685B6891
:102E400003F48013002B06D02D4B9A682C49BB69E4
:102E500013438B6006E02A4B9A68BB69DB43284921
:102E600013408B603B685B6803F40013002B06D0B3
:102E7000234BDA682249BB691343CB6006E0204B41
:102E8000DA68BB69DB431E491340CB603B685B6873
:102E900003F40033002B06D0194B5A681849BB695C
:102EA00013434B6006E0164B5A68BB69DB43144979
:102EB00013404B603B685B6803F48033002B21D0E8
:102EC0000F4B1A680E49BB6913430B6021E000BF2A
:102ED000000032100000311000002210000021100C
:102EE000000012100000111000100240000001400C
:102EF00000080140000C0140001001400014014096
:102F0000000401400B4B1A68BB69DB4309491340BD
:102F10000B607B6A01337B623B681A687B6A22FA2A
:102F200003F3002B7FF48EAE00BF00BF2C37BD46ED
:102F300080BC70470004014080B483B000AF78606B
:102F40000B467B8013467B707B78002B03D07A88FE
:102F50007B681A6103E07B881A047B681A6100BFF2
:102F60000C37BD4680BC704780B582B000AF0346C9
:102F7000FB80084B5A69FB881340002B06D0054A9A
:102F8000FB885361FB88184601F0CAFC00BF083774
:102F9000BD4680BD0004014080B485B000AF7860BC
:102FA0000023FB607B68002B01D1012343E07B6899
:102FB0001B681A46224B1344224AA2FB03231B0917
:102FC0009A007B681A647B681F4ADA637B68022276
:102FD00083F821207B681B681B68FB60FB6823F477
:102FE0007F5323F03003FB607B685A687B689B68E3
:102FF0001A437B68DB681A437B681B691A437B684A
:103000005B691A437B689B691A437B68DB691343DE
:10301000FA681343FB607B681B68FA681A607B6878
:1030200000229A637B68012283F821207B680022BA
:1030300083F82020002318461437BD4680BC704713
:10304000F8FFFDBFCDCCCCCC0000024080B586B0EF
:1030500000AFF860B9607A603B600023FB75FB68E5
:1030600093F82030012B01D102234BE0FB680122B1
:1030700083F82020FB6893F82130DBB2012B3AD192
:10308000FB68022283F82120FB6800229A63FB6818
:103090001B681A68FB681B6822F001021A603B6813
:1030A0007A68B968F86800F0F6F9FB68DB6A002B0B
:1030B00008D0FB681B681A68FB681B6842F00E02A8
:1030C0001A600FE0FB681B681A68FB681B6822F037
:1030D00004021A60FB681B681A68FB681B6842F0F0
:1030E0000A021A60FB681B681A68FB681B6842F0DA
:1030F00001021A6005E0FB68002283F82020022309
:10310000FB75FB7D18461837BD4680BD80B485B081
:1031100000AF78600023FB737B6893F82130DBB24B
:10312000022B08D07B6804229A637B68002283F814
:103130002020012320E07B681B681A687B681B68DD
:1031400022F00E021A607B681B681A687B681B6895
:1031500022F001021A607B681A6C7B68DB6B01212C
:1031600001FA02F25A607B68012283F821207B6811
:10317000002283F82020FB7B18461437BD4680BC14
:103180007047000080B584B000AF78600023FB7307
:103190007B6893F82130DBB2022B05D07B680422D8
:1031A0009A630123FB7351E07B681B681A687B6894
:1031B0001B6822F00E021A607B681B681A687B6825
:1031C0001B6822F001021A607B681B68224A934246
:1031D00029D07B681B68214A934222D07B681B68F8
:1031E0001F4A93421AD07B681B681E4A934212D032
:1031F0007B681B681C4A93420AD07B681B681B4A89
:10320000934202D14FF480130EE04FF080730BE035
:103210004FF4803308E04FF4805305E04FF480739F
:1032200002E0102300E00123114A53607B68012271
:1032300083F821207B68002283F820207B685B6B69
:10324000002B03D07B685B6B78689847FB7B184644
:103250001037BD4680BD00BF080002401C00024080
:103260003000024044000240580002406C0002401E
:103270000000024080B584B000AF78607B68DB6BF3
:103280001B68FB607B681B681B68BB607B681B6CF2
:1032900004229A40FB681340002B4FD0BB6803F018
:1032A0000403002B4AD07B681B681B6803F02003D3
:1032B000002B07D17B681B681A687B681B6822F0AB
:1032C00004021A607B681B68664A934229D07B68B7
:1032D0001B68654A934222D07B681B68634A93420D
:1032E0001AD07B681B68624A934212D07B681B68C5
:1032F000604A93420AD07B681B685F4A934202D1BE
:103300004FF480030EE04FF080630BE04FF4802316
:1033100008E04FF4804305E04FF4806302E040236F
:1033200000E00423554A53607B68DB6A002B00F001
:1033300094807B68DB6A786898478EE07B681B6CBA
:1033400002229A40FB681340002B56D0BB6803F062
:103350000203002B51D07B681B681B6803F020031D
:10336000002B0BD17B681B681A687B681B6822F0F6
:103370000A021A607B68012283F821207B681B689F
:10338000384A934229D07B681B68374A934222D03F
:103390007B681B68354A93421AD07B681B68344AA5
:1033A000934212D07B681B68324A93420AD07B68F2
:1033B0001B68314A934202D14FF400130EE04FF0E4
:1033C00000730BE04FF4003308E04FF4005305E0C6
:1033D0004FF4007302E0202300E00223274A5360E9
:1033E0007B68002283F820207B689B6A002B34D006
:1033F0007B689B6A786898472FE07B681B6C082283
:103400009A40FB681340002B28D0BB6803F00803E8
:10341000002B23D07B681B681A687B681B6822F02E
:103420000E021A607B681A6C7B68DB6B012101FA63
:1034300002F25A607B6801229A637B68012283F85A
:1034400021207B68002283F820207B681B6B002BE7
:1034500004D07B681B6B7868984700BF00BF1037AB
:10346000BD4680BD080002401C0002403000024002
:1034700044000240580002406C000240000002403C
:1034800080B483B000AF78607B689B6B18460C37C4
:10349000BD4680BC704780B485B000AFF860B960AD
:1034A0007A603B60FB681A6CFB68DB6B012101FAF8
:1034B00002F25A60FB681B683A685A60FB685B68F6
:1034C000102B08D1FB681B687A689A60FB681B6840
:1034D000BA68DA6007E0FB681B68BA689A60FB6844
:1034E0001B687A68DA6000BF1437BD4680BC70473D
:1034F00080B485B000AF78607B6803F00703FB60A1
:103500000C4BDB68BB60BA684FF6FF031340BB602F
:10351000FB681A02BB68134343F0BF6343F40033F4
:10352000BB60044ABB68D36000BF1437BD4680BC93
:10353000704700BF00ED00E080B400AF044BDB68D3
:103540001B0A03F007031846BD4680BC704700BF46
:1035500000ED00E080B483B000AF0346FB7197F943
:103560000730002B0BDBFB7903F01F02064997F9AC
:1035700007305B09012000FA02F241F8232000BF66
:103580000C37BD4680BC704700E100E080B483B0DA
:1035900000AF03463960FB7197F90730002B0ADB57
:1035A0003B68DAB20C4997F907301201D2B20B44EA
:1035B00083F800230AE03B68DAB20849FB7903F09C
:1035C0000F03043B1201D2B20B441A7600BF0C3732
:1035D000BD4680BC704700BF00E100E000ED00E0A8
:1035E00080B489B000AFF860B9607A60FB6803F01E
:1035F0000703FB61FB69C3F10703042B28BF042306
:10360000BB61FB690433062B02D9FB69033B00E075
:1036100000237B614FF0FF32BB6902FA03F3DA4308
:10362000BB681A407B699A404FF0FF317B6901FA11
:1036300003F3D9437B680B40134318462437BD4638
:1036400080BC704780B582B000AF78607B68013B7A
:10365000B3F1807F01D301230FE00A4A7B68013B6D
:1036600053600F214FF0FF30FFF790FF054B002212
:103670009A60044B07221A60002318460837BD469B
:1036800080BD00BF10E000E080B582B000AF786080
:103690007868FFF72DFF00BF0837BD4680BD80B5B5
:1036A00086B000AF0346B9607A60FB7300237B618C
:1036B000FFF742FF78617A68B9687869FFF790FF91
:1036C000024697F90F3011461846FFF75FFF00BF1B
:1036D0001837BD4680BD80B582B000AF0346FB7190
:1036E00097F907301846FFF735FF00BF0837BD468A
:1036F00080BD80B582B000AF78607868FFF7A2FF28
:10370000034618460837BD4680BD80B400AF20BFD1
:1037100000BF00BFBD4680BC7047000080B582B0CE
:1037200000AF78600B46FB70134B1B68124A23F006
:1037300002031360104B1B6823F001020E497B68E3
:1037400013430B600D4B1B690C4A43F004031361D8
:10375000FB78012B01D130BF04E040BFFFF7D5FF5C
:10376000FFF7D3FF054B1B69044A23F004031361E1
:1037700000BF0837BD4680BD0070004000ED00E08E
:1037800080B582B000AF78607B68002B01D1012347
:1037900042E07B6893F84130DBB2002B06D17B68B6
:1037A000002283F84020786801F016FE7B6824220E
:1037B00083F841207B681B68DA687B681B6822F409
:1037C0000052DA60786801F01DF87B681B681A699E
:1037D0007B681B6822F490421A617B681B685A69F7
:1037E0007B681B6822F02A025A617B681B68DA68D2
:1037F0007B681B6842F40052DA607B6800225A64DE
:103800007B68202283F841207B68202283F84220B5
:103810007B6800225A63002318460837BD4680BDE6
:1038200080B58AB002AFF860B9603B601346FB8098
:1038300000237B61FB6893F84130DBB2202B75D10C
:10384000BB68002B02D0FB88002B01D101236EE066
:10385000FB6800225A64FB68212283F84120FEF7AE
:103860008DFD7861FB68FA889A84FB68FA88DA84AF
:10387000FB689B68B3F5805F08D1FB681B69002B70
:1038800004D10023FB61BB68BB6103E0BB68FB6143
:103890000023BB612EE03B6800937B6900228021FE
:1038A000F86800F0F9FC0346002B05D0FB682022E5
:1038B00083F8412003233AE0FB69002B0BD1BB695D
:1038C0001B881A46FB681B68C2F308025A60BB6972
:1038D0000233BB6107E0FB691A78FB681B685A601A
:1038E000FB690133FB61FB68DB8C9BB2013B9AB245
:1038F000FB68DA84FB68DB8C9BB2002BCBD13B6886
:1039000000937B6900224021F86800F0C5FC034663
:10391000002B05D0FB68202283F84120032306E01A
:10392000FB68202283F84120002300E00223184690
:103930002037BD4680BD80B58CB000AFF860B9605F
:103940001346FB80FB6893F84230DBB2202B46D154
:10395000BB68002B02D0FB88002B01D101233FE084
:10396000FB6801221A63FB6800225A63FB881A462F
:10397000B968F86800F0EAFC034687F82F30FB6866
:103980001B6B012B25D100233B61FB681B681B6867
:103990003B61FB681B685B683B613B69FB681B68BC
:1039A0000C33BB61BB6953E8003F7B617B6943F02B
:1039B0001003BB62FB681B680C33BA6A7A623B6215
:1039C000396A7A6A41E80023FB61FB69002BE5D183
:1039D00002E0012387F82F3097F82F3000E0022310
:1039E00018463037BD4680BD80B59AB000AF7860CC
:1039F0007B681B680C33BB64BB6C53E8003F7B6483
:103A00007B6C23F490737B667B681B680C337A6E47
:103A10007A653B65396D7A6D41E80023FB64FB6C88
:103A2000002BE5D17B681B6814337B637B6B53E809
:103A3000003F3B633B6B23F001033B667B681B68E5
:103A400014333A6E3A64FB63F96B3A6C41E8002335
:103A5000BB63BB6B002BE5D17B681B6B012B19D1C2
:103A60007B681B680C333B623B6A53E8003FFB6199
:103A7000FB6923F01003FB657B681B680C33FA6D50
:103A8000FA62BB62B96AFA6A41E800237B627B6A28
:103A9000002BE5D17B681B685B6903F04003002BBA
:103AA00036D07B681B681433FB60FB6853E8003F2B
:103AB000BB60BB6823F04003BB657B681B681433A5
:103AC000BA6DBA617B617969BA6941E800233B61EB
:103AD0003B69002BE5D17B68DB6B002B18D07B6842
:103AE000DB6B00225A637B68DB6B1846FFF70EFB2B
:103AF0000346002B0CD07B68DB6B1846FFF7C0FC3D
:103B00000346202B04D17B6810225A6403230AE069
:103B10007B680022DA857B68202283F842207B685C
:103B200000221A63002318466837BD4680BD000096
:103B300080B5BAB000AF78607B681B681B68C7F8B7
:103B4000E4307B681B68DB68C7F8E0307B681B6883
:103B50005B69C7F8DC300023C7F8D8300023C7F80A
:103B6000D430D7F8E43003F00F03C7F8D830D7F8D3
:103B7000D830002B0FD1D7F8E43003F02003002B0E
:103B800009D0D7F8E03003F02003002B03D0786889
:103B900000F07AFD5BE2D7F8D830002B00F0DE8031
:103BA000D7F8DC3003F00103002B06D1D7F8E03062
:103BB00003F49073002B00F0D180D7F8E43003F0C9
:103BC0000103002B0BD0D7F8E03003F48073002BF7
:103BD00005D07B685B6C43F001027B685A64D7F8C0
:103BE000E43003F00403002B0BD0D7F8DC3003F0F3
:103BF0000103002B05D07B685B6C43F002027B68FD
:103C00005A64D7F8E43003F00203002B0BD0D7F846
:103C1000DC3003F00103002B05D07B685B6C43F0C4
:103C200004027B685A64D7F8E43003F00803002BE1
:103C300011D0D7F8E03003F02003002B05D1D7F8DE
:103C4000DC3003F00103002B05D07B685B6C43F094
:103C500008027B685A647B685B6C002B00F0F28181
:103C6000D7F8E43003F02003002B08D0D7F8E03079
:103C700003F02003002B02D0786800F005FD7B687C
:103C80001B685B6903F04003002B14BF0123002372
:103C9000DBB2C7F8D4307B685B6C03F00803002B01
:103CA00003D1D7F8D430002B4FD0786800F00FFC48
:103CB0007B681B685B6903F04003002B41D07B6885
:103CC0001B681433C7F89C30D7F89C3053E8003F8A
:103CD000C7F89830D7F8983023F04003C7F8D030B1
:103CE0007B681B681433D7F8D020C7F8A820C7F822
:103CF000A430D7F8A410D7F8A82041E80023C7F8CB
:103D0000A030D7F8A030002BD9D17B68DB6B002B1B
:103D100013D07B68DB6B7E4A5A637B68DB6B18468B
:103D2000FFF730FA0346002B16D07B68DB6B5B6B2A
:103D30007A68D26B104698470EE0786800F0A5F9D3
:103D40000AE0786800F0A1F906E0786800F09DF9D3
:103D50007B6800225A6475E100BF73E17B681B6BCE
:103D6000012B40F04F81D7F8E43003F01003002B13
:103D700000F04881D7F8E03003F01003002B00F08A
:103D800041810023BB607B681B681B68BB607B684C
:103D90001B685B68BB60BB687B681B685B6903F082
:103DA0004003002B00F0B6807B68DB6B1B685B6810
:103DB000A7F8BE30B7F8BE30002B00F045817B6815
:103DC0009B8DB7F8BE209A4280F03E817B68B7F8A1
:103DD000BE20DA857B68DB6B9B69202B00F0888036
:103DE0007B681B680C33C7F88830D7F8883053E8F5
:103DF000003FC7F88430D7F8843023F48073C7F8C5
:103E0000B8307B681B680C33D7F8B820C7F894200B
:103E1000C7F89030D7F89010D7F8942041E80023E5
:103E2000C7F88C30D7F88C30002BD9D17B681B6851
:103E300014337B677B6F53E8003F3B673B6F23F096
:103E40000103C7F8B4307B681B681433D7F8B4207B
:103E5000C7F88020FB67F96FD7F8802041E800237E
:103E6000BB67BB6F002BE1D17B681B6814333B66DB
:103E70003B6E53E8003FFB65FB6D23F04003C7F842
:103E8000B0307B681B681433D7F8B020FA66BB6685
:103E9000B96EFA6E41E800237B667B6E002BE3D19E
:103EA0007B68202283F842207B6800221A637B68AB
:103EB0001B680C33FB64FB6C53E8003FBB64BB6CBA
:103EC00023F01003C7F8AC307B681B680C33D7F8BD
:103ED000AC20BA657B65796DBA6D41E800233B651E
:103EE0003B6D002BE3D17B68DB6B1846FFF70EF9C7
:103EF0007B6802225A637B689A8D7B68DB8D9BB25C
:103F0000D31A9BB21946786800F019FD9CE000BFF7
:103F1000934500087B689A8D7B68DB8D9BB2D31A32
:103F2000A7F8CE307B68DB8D9BB2002B00F08E8033
:103F3000B7F8CE30002B00F089807B681B680C330B
:103F4000BB63BB6B53E8003F7B637B6B23F49073D5
:103F5000C7F8C8307B681B680C33D7F8C8207A6470
:103F60003B64396C7A6C41E80023FB63FB6B002BEC
:103F7000E3D17B681B6814337B627B6A53E8003FA4
:103F80003B623B6A23F00103C7F8C4307B681B68BF
:103F90001433D7F8C4203A63FB62F96A3A6B41E8FC
:103FA0000023BB62BB6A002BE3D17B68202283F82D
:103FB00042207B6800221A637B681B680C333B61DC
:103FC0003B6953E8003FFB60FB6823F01003C7F830
:103FD000C0307B681B680C33D7F8C020FA61BB6126
:103FE000B969FA6941E800237B617B69002BE3D161
:103FF0007B6802225A63B7F8CE301946786800F021
:104000009EFC23E0D7F8E43003F08003002B09D0B6
:10401000D7F8E03003F08003002B03D0786800F07D
:10402000CCFA14E0D7F8E43003F04003002B0ED0B4
:10403000D7F8E03003F04003002B08D0786800F098
:104040000BFB04E000BF02E000BF00E000BFE83768
:10405000BD4680BD80B483B000AF786000BF0C3730
:10406000BD4680BC704780B483B000AF786000BFAD
:104070000C37BD4680BC704780B483B000AF786019
:1040800000BF0C37BD4680BC704780B483B000AF22
:10409000786000BF0C37BD4680BC704780B59CB0CF
:1040A00000AF78607B685B6AFB667B681B681B6897
:1040B00003F02003002B72D1FB6E0022DA85FB6E29
:1040C0001B680C33FB64FB6C53E8003FBB64BB6CA8
:1040D00023F48073BB66FB6E1B680C33BA6EBA6543
:1040E0007B65796DBA6D41E800233B653B6D002B24
:1040F000E5D1FB6E1B681433BB63BB6B53E8003F19
:104100007B637B6B23F001037B66FB6E1B681433C0
:104110007A6E7A643B64396C7A6C41E80023FB6305
:10412000FB6B002BE5D1FB6E1B6814337B627B6A53
:1041300053E8003F3B623B6A23F040033B66FB6E63
:104140001B6814333A6E3A63FB62F96A3A6B41E8D2
:104150000023BB62BB6A002BE5D1FB6E202283F8F3
:104160004220FB6E1B6B012B19D1FB6E1B680C33BD
:104170003B613B6953E8003FFB60FB6823F01003A1
:10418000FB65FB6E1B680C33FA6DFA61BB61B969A4
:10419000FA6941E800237B617B69002BE5D1FB6E66
:1041A00000225A63FB6E1B6B012B06D1FB6E9B8DAD
:1041B0001946F86E00F0C3FB02E0F86EFFF753FFFC
:1041C00000BF7037BD4680BD80B584B000AF786059
:1041D0007B685B6AFB60FB6801225A63FB681B6BB0
:1041E000012B08D1FB689B8D5B089BB21946F868D0
:1041F00000F0A5FB02E0F868FFF73EFF00BF1037B4
:10420000BD4680BD80B584B000AF78600023FB6000
:104210007B685B6ABB60BB681B685B6903F08003FB
:10422000002B14BF01230023DBB2FB60BB6893F8B3
:104230004130DBB2212B08D1FB68002B05D0BB68D5
:104240000022DA84B86800F01BF9BB681B685B6960
:1042500003F04003002B14BF01230023DBB2FB60FB
:10426000BB6893F84230DBB2222B08D1FB68002BED
:1042700005D0BB680022DA85B86800F028F9BB6871
:104280005B6C43F01002BB685A64B868FFF7FDFE30
:1042900000BF1037BD4680BD80B586B000AFF86066
:1042A000B9603B601346FB713BE03B6AB3F1FF3FF3
:1042B00037D0FEF763F802463B68D31A3A6A9A424F
:1042C00002D33B6A002B01D103233AE0FB681B6851
:1042D000DB6803F00403002B23D0BB68802B20D0C5
:1042E000BB68402B1DD0FB681B681B6803F00803EC
:1042F000082B16D100237B61FB681B681B687B6160
:10430000FB681B685B687B617B69F86800F0DFF81D
:10431000FB6808225A64FB68002283F840200123CE
:104320000FE0FB681B681A68BB681340BA689A42C2
:104330000CBF01230023DBB21A46FB799A42B4D0AA
:10434000002318461837BD4680BD000080B598B0E0
:1043500000AFF860B9601346FB80BA68FB689A62E8
:10436000FB68FA889A85FB6800225A64FB6822225F
:1043700083F84220FB68DB6B3E4A9A62FB68DB6B8A
:104380003D4ADA62FB68DB6B3C4A1A63FB68DB6B15
:1043900000225A6307F10803FB65FB68D86BFB68D2
:1043A0001B6804331946FB6D1A68FB88FEF74EFE46
:1043B00000233B61FB681B681B683B61FB681B6853
:1043C0005B683B613B69FB681B69002B19D0FB688C
:1043D0001B680C333B643B6C53E8003FFB63FB6B97
:1043E00043F48073BB65FB681B680C33BA6DFA64D9
:1043F000BB64B96CFA6C41E800237B647B6C002BD6
:10440000E5D1FB681B681433FB62FB6A53E8003F8D
:10441000BB62BB6A43F001037B65FB681B68143316
:104420007A6DBA637B63796BBA6B41E800233B63B7
:104430003B6B002BE5D1FB681B681433BB61BB6988
:1044400053E8003F7B617B6943F040033B65FB68B9
:104450001B6814333A6D7A623B62396A7A6A41E8C2
:104460000023FB61FB69002BE5D100231846603770
:10447000BD4680BD9D400008C941000805420008B6
:1044800080B489B000AF78607B681B680C33FB6038
:10449000FB6853E8003FBB60BB6823F0C003FB61CF
:1044A0007B681B680C33FA69BA617B617969BA6908
:1044B00041E800233B613B69002BE5D17B6820226A
:1044C00083F8412000BF2437BD4680BC704780B4CC
:1044D00095B000AF78607B681B680C337B637B6BA7
:1044E00053E8003F3B633B6B23F49073FB647B68B2
:1044F0001B680C33FA6C3A64FB63F96B3A6C41E865
:104500000023BB63BB6B002BE5D17B681B681433B6
:104510003B623B6A53E8003FFB61FB6923F0010308
:10452000BB647B681B681433BA6CFA62BB62B96AFD
:10453000FA6A41E800237B627B6A002BE5D17B6845
:104540001B6B012B19D17B681B680C33FB60FB686C
:1045500053E8003FBB60BB6823F010037B647B68BB
:104560001B680C337A6CBA617B617969BA6941E87E
:1045700000233B613B69002BE5D17B68202283F857
:1045800042207B6800221A6300BF5437BD4680BCBE
:10459000704780B584B000AF78607B685B6AFB6071
:1045A000FB680022DA85FB680022DA84F868FFF7EE
:1045B0006CFD00BF1037BD4680BD80B485B000AF34
:1045C00078607B6893F84130DBB2212B3ED17B6869
:1045D0009B68B3F5805F14D17B681B69002B10D1F9
:1045E0007B681B6AFB60FB681B881A467B681B683C
:1045F000C2F308025A607B681B6A9A1C7B681A62C5
:1046000008E07B681B6A591C7A6811621A787B681B
:104610001B685A607B68DB8C9BB2013B9BB27A685B
:104620001946D184002B0FD17B681B68DA687B6840
:104630001B6822F08002DA607B681B68DA687B689E
:104640001B6842F04002DA60002300E002231846B3
:104650001437BD4680BC704780B582B000AF78602B
:104660007B681B68DA687B681B6822F04002DA60AE
:104670007B68202283F841207868FFF7EBFC002359
:1046800018460837BD4680BD80B58CB000AF786055
:104690007B6893F84230DBB2222B40F0AE807B681F
:1046A0009B68B3F5805F17D17B681B69002B13D122
:1046B0000023FB627B689B6ABB627B681B685B684C
:1046C0009BB2C3F308039AB2BB6A1A807B689B6AE9
:1046D0009A1C7B689A6226E07B689B6AFB620023D7
:1046E000BB627B689B68B3F5805F07D07B689B6883
:1046F000002B0AD17B681B69002B06D17B681B68E5
:104700005B68DAB2FB6A1A7008E07B681B685B685A
:10471000DBB203F07F03DAB2FB6A1A707B689B6A34
:104720005A1C7B689A627B68DB8D9BB2013B9BB213
:104730007A681946D185002B5DD17B681B68DA68E1
:104740007B681B6822F02002DA607B681B68DA68ED
:104750007B681B6822F48072DA607B681B685A6988
:104760007B681B6822F001025A617B68202283F873
:1047700042207B6800225A637B681B6B012B35D17A
:104780007B6800221A637B681B680C337B617B6942
:1047900053E8003F3B613B6923F010037B627B6879
:1047A0001B680C337A6A3A62FB61F9693A6A41E83C
:1047B0000023BB61BB69002BE5D17B681B681B68CC
:1047C00003F01003102B0AD10023FB607B681B68E9
:1047D0001B68FB607B681B685B68FB60FB687B6831
:1047E0009B8D1946786800F0AAF802E07868FFF718
:1047F0003AFC002302E0002300E002231846303791
:10480000BD4680BD80B584B000AF78607B681B6812
:104810001B6923F440517B68DA687B681B680A4394
:104820001A617B689A687B681B691A437B685B69BD
:104830001343BB607B681B68DB6823F4B05323F031
:104840000C037A681268B9680B43D3607B681B68F5
:104850005B6923F440717B689A697B681B680A4333
:104860005A617B681B682C4A934203D1FEF7AEF96C
:10487000F86002E0FEF796F9F860FA6813469B00CC
:1048800013449A001A447B685B689B00B2FBF3F305
:10489000224AA2FB03235B091901FA6813469B0015
:1048A00013449A001A447B685B689B00B2FBF3F2E6
:1048B0001A4BA3FB02035B09642000FB03F3D31A2A
:1048C0001B013233154AA2FB03235B0903F0F003FB
:1048D0001944FA6813469B0013449A001A447B68F3
:1048E0005B689B00B2FBF3F20C4BA3FB02035B097A
:1048F000642000FB03F3D31A1B013233074AA2FBE7
:1049000003235B0903F00F027B681B680A449A606B
:1049100000BF1037BD4680BD003801401F85EB51F8
:1049200080B582B000AF0346FB80FB88B3F5807F83
:1049300001D101F053FC00BF0837BD4680BD80B5F2
:1049400082B000AF78600B467B807B881946786820
:1049500001F0B6F97B881946786801F07BFF00BF4B
:104960000837BD4680BD000080B500AF074B1B78FF
:10497000042B03D0054B1B78002B05D1034B0222DF
:104980001A70034802F0A6FA00BF80BDF4010020AF
:1049900018B4000880B500AF054B1B78032B05D178
:1049A000034B04221A70034802F094FA00BF80BD42
:1049B000F401002030B4000880B500AF0D4B1B7827
:1049C000012B14D10C4802F085FA0A4B03221A700D
:1049D000FDF7D4FC0346094A1360FDF7CFFC0346FC
:1049E000074A1360074B00221A7001F0CFFD00BF89
:1049F00080BD00BFF401002048B40008F801002089
:104A0000500300204C03002080B500AF01F0F8FBFC
:104A100000BF80BD80B582B000AF0346FB71FB795B
:104A200083F00103DBB2002B02D0084802F052FAF7
:104A3000074B1B78002B05D1064802F04BFA064BBA
:104A400001221A7000BF0837BD4680BD58B4000867
:104A5000F40100206CB40008540300202DE9B04399
:104A6000AAB006AFFDF732FC00F0F0FA00F02EFB22
:104A700000F0A2FB00F0C6FB00F030FC00F058FC98
:104A800000F080FC334802F017FA334802F022FAB3
:104A9000324B01221A70324801F090F9304801F08F
:104AA000E9F9012214212E4801F0DCFA2D492E48A3
:104AB00001F080FB2D4800F0E9FF2D492D4801F061
:104AC0000DF8012001F01EF82B4801F0D5FD2B4810
:104AD00001F0EEFD01F004FE214801F0A5FB01F01C
:104AE00055F801F0D5FE1D4B1B78042BF4D801A21C
:104AF00052F823F0A94F0008094B00080D4B00089D
:104B0000914B0008E54D000830BF82E2022000F022
:104B1000F9FF01F0DBFD0346002B02D101F0E0FDBF
:104B200001E001F0D3FD0D4B03221A70FDF726FCC6
:104B30000346134A1360FDF721FC0346114A136034
:104B4000114B00221A7001F021FD104802F0C2F949
:104B50005FE200BF3C04002084B40008F4010020A0
:104B6000580300209549000869490008F403002013
:104B7000094A0008B9490008AC030020154A00089A
:104B8000F8010020500300204C03002090B40008DE
:104B9000FDF7F4FB0246894B1B68D31A42F20F72F1
:104BA000934232D9FDF7EAFB0346844A136001F0D1
:104BB000A5F878667B6E93F83430002B25D0804BB7
:104BC0001B78052B21D87E4B1B7819467D4A0B4656
:104BD000DB005B1ADB001A447B6E14461D460FCDCA
:104BE0000FC40FCD0FC40FCD0FC495E8030084E8A8
:104BF0000300734B1B780133DAB2714B1A70704BA0
:104C00001B781946704802F065F9FDF7B7FB0246BC
:104C10006E4B1B68D31A4EF65F22934240F2CB8054
:104C2000FDF7ACFB0346694A1360654B1B78002B0C
:104C300000F0BE80624B1B785A1E1346DB009B1AA5
:104C4000DB00604A13443B663B6E184602F004FAF0
:104C500002460B4610461946FBF736FC0346FB6539
:104C60005B49F86DFBF742FE03461846FBF766FF0B
:104C70000346BB65B86DFBF731FD0446BB6D64228E
:104C800002FB03F31846FBF729FD03461946F86DAE
:104C9000FBF76EFC03464F491846FBF727FE034619
:104CA00019462046FBF766FC0346C7F88C303B6E7E
:104CB000DB7B532B05D1D7F88C3083F00043C7F84A
:104CC0008C303B6E1033184602F0C6F902460B4694
:104CD00010461946FBF7F8FB03467B653C49786DA7
:104CE000FBF704FE03461846FBF728FF03463B6527
:104CF000386DFBF7F3FC04463B6D642202FB03F3C3
:104D00001846FBF7EBFC03461946786DFBF730FCC1
:104D1000034630491846FBF7E9FD0346194620468D
:104D2000FBF728FC0346C7F888303B6EDB7F572B28
:104D300005D1D7F8883083F00043C7F88830D7F81A
:104D40008C00FBF769FB04460D46D7F88800FBF79B
:104D500063FB804689463B6E1B6B1846FBF75CFB8A
:104D600002460B463846CDE90423CDE90289CDE958
:104D70000045194A502103F099FCD7F88C00FBF745
:104D80004BFB04460D46D7F88800FBF745FB02466F
:104D90000B46CDE9002322462B46104802F09AF834
:104DA0003B46184601F026FD054B00221A7002E032
:104DB0000B4802F08FF830BF2BE100BF50030020FA
:104DC0004C030020FC010020A8B40008F8010020DA
:104DD0000000C84200007042B8B40008DCB400080B
:104DE000F0B400088B4802F075F88B4B00221A7063
:104DF00000F084FFF867FB6F93F83430002B1FD06E
:104E0000864B1B78052B1BD8844B1B781946844A8C
:104E10000B46DB005B1ADB001A44FB6F14461D4691
:104E20000FCD0FC40FCD0FC40FCD0FC495E80300F5
:104E300084E80300794B1B780133DAB2774B1A70A0
:104E4000764B1B78002B00F0AB80744B1B785A1EFE
:104E50001346DB009B1ADB00714A1344BB67BB6F30
:104E6000184602F0F9F802460B4610461946FBF7C1
:104E70002BFB03467B676B49786FFBF737FD0346D7
:104E80001846FBF75BFE03463B67386FFBF726FCD3
:104E900004463B6F642202FB03F31846FBF71EFC3B
:104EA00003461946786FFBF763FB03465E491846D5
:104EB000FBF71CFD034619462046FBF75BFB034648
:104EC000C7F88430BB6FDB7B532B05D1D7F8843018
:104ED00083F00043C7F88430BB6F1033184602F0EC
:104EE000BBF802460B4610461946FBF7EDFA03469F
:104EF000FB664C49F86EFBF7F9FC03461846FBF7D6
:104F00001DFE0346BB66B86EFBF7E8FB0446BB6EAE
:104F1000642202FB03F31846FBF7E0FB0346194645
:104F2000F86EFBF725FB03463F491846FBF7DEFC0E
:104F3000034619462046FBF71DFB0346C7F88030A1
:104F4000BB6FDB7F572B05D1D7F8803083F0004350
:104F5000C7F88030D7F88400FBF75EFA04460D46A8
:104F6000D7F88000FBF758FA80468946BB6F1B6B69
:104F70001846FBF751FA02460B463846CDE90423A2
:104F8000CDE90289CDE90045284A502103F08EFB86
:104F90003B46184601F02EFC204B00221A7038E0E8
:104FA000234B01221A7034E0214B1B78DBB2002B1B
:104FB0002CD01F4B00221A701E4801F08BFF0020DE
:104FC00000F0A0FD01F0C8FB4FF4FA60FDF7E0F936
:104FD000194801F06DF801221421174801F042F838
:104FE000164801F077FF1648FEF7FEFC1548FEF75D
:104FF000FBFCFDF7F1F901210020FEF78FFBFDF727
:10500000F9F900F023F8104801F064FF30BF00BF49
:1050100062E561E500B50008F40100204C030020C2
:10502000FC0100200000C84200007042B8B4000833
:105030005403002010B500085803002020B50008D4
:10504000AC030020F40300202CB5000880B590B01C
:1050500000AF07F1180328220021184603F0DCFBFB
:105060003B1D00221A605A609A60DA601A610123BF
:10507000BB614FF48033FB6100237B6307F11803AE
:105080001846FDF7C5F90346002B01D000F018F8CB
:105090000F237B600123BB600023FB6000233B6187
:1050A00000237B613B1D00211846FDF733FC0346BE
:1050B000002B01D000F004F800BF4037BD4680BD92
:1050C00080B400AF72B600BF00BFFDE780B588B006
:1050D00000AF07F1100300221A605A609A60DA608C
:1050E000314B9B69304A43F0200393612E4B9B69FF
:1050F00003F02003FB60FB682B4B9B692A4A43F0BB
:1051000004039361284B9B6903F00403BB60BB68F5
:10511000254B9B69244A43F008039361224B9B690A
:1051200003F008037B607B68002210211F48FDF715
:1051300003FF002203211E48FDF7FEFE10233B6102
:1051400001237B610023BB610223FB6107F1100394
:1051500019461648FDF76CFD03233B6101237B6173
:105160000023BB610223FB6107F1100319461048BD
:10517000FDF75EFD4FF480733B610E4B7B610223B4
:10518000BB6107F1100319460948FDF751FD0022E4
:1051900000211720FEF783FA1720FEF79CFA00BFC4
:1051A0002037BD4680BD00BF00100240000801400E
:1051B000000C01400000111080B582B000AF104B10
:1051C0005B690F4A43F0010353610D4B5B6903F0C8
:1051D00001037B607B68002200210F20FEF75FFA4D
:1051E0000F20FEF778FA002200211020FEF757FA70
:1051F0001020FEF770FA00BF0837BD4680BD00BF23
:105200000010024080B500AF124B134A1A60114BD8
:10521000124A5A600F4B00229A600E4B0022DA604D
:105220000C4B4FF480421A610A4B00225A61094B21
:1052300000229A61074B0022DA61064B00221A62B3
:105240000448FBF7DDFF0346002B01D0FFF738FFD2
:1052500000BF80BD5803002000540040A08601001C
:1052600080B588B000AF786007F1100300221A60A3
:105270005A609A60DA607B681B68154A934223D1B2
:10528000144B9B69134A43F008039361114B9B69CC
:1052900003F00803FB60FB68C0233B6112237B61C2
:1052A0000323FB6107F1100319460B48FDF7C0FC0F
:1052B000084BDB69074A43F40013D361054BDB69F4
:1052C00003F40013BB60BB6800BF2037BD4680BD40
:1052D0000054004000100240000C014080B500AFB7
:1052E000114B124A1A60104B4FF4E1325A600E4BC8
:1052F00000229A600C4B0022DA600B4B00221A61EC
:10530000094B0C225A61084B00229A61064B00227D
:10531000DA610548FEF734FA0346002B01D0FFF7A7
:10532000CFFE00BF80BD00BFAC03002000380140AD
:1053300080B500AF114B124A1A60104B4FF4165251
:105340005A600E4B00229A600C4B0022DA600B4B25
:1053500000221A61094B0C225A61084B00229A6103
:10536000064B0022DA610548FEF70AFA0346002BD5
:1053700001D0FFF7A5FE00BF80BD00BFF4030020F1
:105380000044004080B500AF114B124A1A60104B28
:105390004FF4E1325A600E4B00229A600C4B00220F
:1053A000DA600B4B00221A61094B0C225A61084B40
:1053B00000229A61064B0022DA610548FEF7E0F907
:1053C0000346002B01D0FFF77BFE00BF80BD00BF6E
:1053D0003C0400200048004080B58CB000AF7860ED
:1053E00007F1200300221A605A609A60DA607B6835
:1053F0001B68814A934260D1804B9B697F4A43F48A
:10540000804393617D4B9B6903F48043FB61FB699F
:105410007A4B9B69794A43F004039361774B9B690C
:1054200003F00403BB61BB694FF400733B620223CA
:105430007B620323FB6207F1200319467048FDF7E6
:10544000F7FB4FF480633B6200237B620023BB6267
:1054500007F1200319466A48FDF7EAFB694B6A4ADF
:105460001A60684B00225A60664B00229A60654BB6
:105470008022DA60634B00221A61624B00225A617B
:10548000604B00229A615F4B0022DA615D48FDF7B4
:1054900083FD0346002B01D0FFF712FE7B68594ABB
:1054A000DA63584A7B685362002202212520FEF706
:1054B000F6F82520FEF70FF99AE07B681B68534A3F
:1054C00093425ED14D4BDB694C4A43F40033D361C8
:1054D0004A4BDB6903F400337B617B69474B9B6973
:1054E000464A43F004039361444B9B6903F0040371
:1054F0003B613B6904233B6202237B620323FB6223
:1055000007F1200319463E48FDF792FB08233B6252
:1055100000237B620023BB6207F120031946384851
:10552000FDF786FB3A4B3B4A1A60394B00225A6022
:10553000374B00229A60364B8022DA60344B0022CF
:105540001A61334B00225A61314B00229A61304B71
:105550000022DA612E48FDF71FFD0346002B01D023
:10556000FFF7AEFD7B682A4ADA63294A7B685362FB
:10557000002201212620FEF792F82620FEF7ABF844
:1055800036E07B681B68244A934231D11B4BDB69B0
:105590001A4A43F48023D361184BDB6903F4802358
:1055A000FB60FB68154B9B69144A43F00803936149
:1055B000124B9B6903F00803BB60BB684FF4806328
:1055C0003B6202237B620323FB6207F1200319463F
:1055D0001248FDF72DFB4FF400633B6200237B6212
:1055E0000023BB6207F1200319460C48FDF720FB9E
:1055F00000BF3037BD4680BD00380140001002407A
:10560000000801408404002058000240004400408B
:10561000C80400206C00024000480040000C01401B
:1056200080B400AF00BFFDE780B400AF00BFFDE76E
:1056300080B400AF00BFFDE780B400AF00BFFDE75E
:1056400080B400AF00BFFDE780B400AF00BFBD462F
:1056500080BC704780B400AF00BFBD4680BC7047BF
:1056600080B400AF00BFBD4680BC704780B500AFBE
:10567000FCF772FE00BF80BD80B500AF0248FDF7A9
:10568000F9FD00BF80BD00BF8404002080B500AFDD
:105690000248FDF7EFFD00BF80BD00BFC804002039
:1056A00080B500AF4FF48070FDF75EFC00BF80BD99
:1056B00080B500AF0248FEF73BFA00BF80BD00BFD7
:1056C000AC03002080B500AF0248FEF731FA00BFFE
:1056D00080BD00BFF403002080B485B000AF154B3F
:1056E0009B69144A43F001039361124B9B6903F0D9
:1056F0000103BB60BB680F4BDB690E4A43F080536C
:10570000D3610C4BDB6903F080537B607B680A4BF1
:105710005B68FB60FB6823F0E063FB60FB6843F0C1
:105720000073FB60044AFB68536000BF1437BD463A
:1057300080BC7047001002400000014080B586B078
:1057400000AF7860144A154BD31A7B617B693B61CB
:10575000134B1B68002B02D1114B124A1A60104BDD
:105760001A687B6813443A699A4207D203F048F9F1
:1057700003460C221A604FF0FF3309E0084B1B6808
:10578000FB60074B1A687B681344054A1360FB688B
:1057900018461837BD4680BD0050002000040000A8
:1057A0000C050020980A002080B400AF01231846A1
:1057B000BD4680BC704780B582B000AF786039606C
:1057C00003F01EF9034616221A604FF0FF33184605
:1057D0000837BD4680BD80B582B000AF78604FF01D
:1057E000FF317868FFF7E7FF00BFFDE780B586B0BF
:1057F00000AFF860B9607A6000237B610AE0AFF324
:1058000000800146BB685A1CBA60CAB21A707B6934
:1058100001337B617A697B689A42F0DB7B681846CA
:105820001837BD4680BD80B586B000AFF860B9605E
:105830007A6000237B6109E0BB685A1CBA601B7860
:105840001846AFF300807B6901337B617A697B681E
:105850009A42F1DB7B6818461837BD4680BD80B49C
:1058600083B000AF78604FF0FF3318460C37BD4669
:1058700080BC704780B483B000AF786039603B680B
:105880004FF400525A60002318460C37BD4680BCC6
:10589000704780B483B000AF7860012318460C379E
:1058A000BD4680BC704780B485B000AFF860B96079
:1058B0007A60002318461437BD4680BC704700004C
:1058C000FBF798FC0B480C490C4A002302E0D45823
:1058D000C4500433C4188C42F9D3094A094C00233C
:1058E00001E013600432A242FBD303F08FF8FFF70C
:1058F000B5F8704700000020D401002074BE0008F5
:10590000D4010020940A0020FEE7000080B582B098
:1059100000AF78600B467B80054B18687A884FF49F
:105920007A737968FDF77CFF00BF0837BD4680BDFC
:10593000100500200000000080B5A4B000AF786022
:1059400006224D49786802F06FFF0346002B40F0B5
:10595000888007F108037F227968184602F076FFF5
:10596000002387F887300023C7F88C3007F108033D
:105970004249184602F07EFFC7F888006CE0D7F86D
:105980008C30013B062B5BD801A252F823F000BFFC
:10599000AD590008C3590008DB590008EF59000849
:1059A000FB5900080F5A00081B5A00080E22D7F8AE
:1059B0008810334802F04AFF324B002283F82E2031
:1059C0003FE0D7F888301B78412B0CBF0123002320
:1059D000DAB22C4B83F8342033E00E22D7F888104B
:1059E000284802F033FF274B00229A7329E0D7F8AA
:1059F00088301A78234BDA7323E00E22D7F8881008
:105A0000214802F023FF1F4B00229A7719E0D7F8B4
:105A100088301A781B4BDA7713E0D7F8880001F04A
:105A20001BFB13A3D3E90023FBF7B6F802460B4692
:105A300010461946FAF748FD0346124A136300E080
:105A400000BF0E49002002F015FFC7F88800D7F804
:105A50008C300133C7F88C30D7F88830002B8ED1CA
:105A600000E000BF9037BD4680BD00BFAFF30080AF
:105A7000000000C0CAA1FD3F38B5000840B50008CD
:105A800038050020180500202805002080B582B0C8
:105A900000AF78600D4A7B681360382200210C4803
:105AA00002F0BAFE0A4B002283F83420074B1B6831
:105AB0004FF4807207491846FDF73DFF064801F094
:105AC00009FA00BF0837BD4680BD00BF10050020A1
:105AD000180500205005002044B5000880B483B0AC
:105AE00000AF78603960054A7B681360044A3B6800
:105AF000136000BF0C37BD4680BC704754060020C1
:105B00005806002090B589B000AF0346FB71194AD2
:105B1000FB791370FB79002B0FD1174B07F11004A1
:105B20000FCB84E80F0007F1100310211846FFF790
:105B3000EDFE124801F0CEF918E0FB79012B02D0FE
:105B4000FB79022B12D1FF233B7307F10C030121D8
:105B50001846FFF7DBFE0A4B1B684FF480720949B9
:105B60001846FDF7E8FE084801F0B4F900BF2437F5
:105B7000BD4690BD140500206CB5000850B5000866
:105B8000100500205005002060B5000890B583B0D6
:105B900000AF3E4B1B78002B73D03D4B1B78DBB224
:105BA000002B6FD03A4B00221A703A4B1B88FB80B7
:105BB000FB88FF2B01D9FF23FB80FB88364A00219D
:105BC000D1543649344802F0BBFE38603B68002BA4
:105BD0004ED03868FFF7B0FE314B1B780133DAB294
:105BE0002F4B1A702E4B1B78092B11D92C4B0022EE
:105BF0001A702C4B93F834301C462A4B1B6B1846FA
:105C0000FAF70AFC02460B462146274801F062F9E2
:105C10001E4B1B78012B12D1224B93F83430002BF2
:105C200026D0224801F056F9184B02221A70204B58
:105C30001B68002B1CD01E4B1B68984718E0134BA9
:105C40001B78022B14D1174B93F83430002B0FD054
:105C5000144B1B6B17491846FAF750FF0346002BED
:105C600006D0154B1B68002B02D0134B1B689847BE
:105C7000124B1B684FF4807207491846FDF75BFE14
:105C800000E000BF0C37BD4690BD00BF14050020EA
:105C900052060020500600205005002038B50008AC
:105CA0005C060020180500207CB5000894B50008AB
:105CB000540600200000A0405806002010050020D7
:105CC00080B483B000AF78600B467B807B681A6835
:105CD000074B1B681B689A4205D1064A7B881380D4
:105CE000054B01221A7000BF0C37BD4680BC7047BF
:105CF00010050020500600205206002080B400AF9E
:105D0000024B1846BD4680BC704700BF18050020F6
:105D100080B586B004AF78600B46FB701346BB704D
:105D2000FB789AB26423029301230193BB1C009376
:105D30000123D0217868FBF7A7FB00BF0837BD46D9
:105D400080BD80B588B004AF78600B46FB7000233F
:105D5000FB73FB789AB2642302930123019307F14A
:105D60000F0300930123D0217868FBF787FCFB7BAE
:105D700018461037BD4680BD80B500AF0A4B0022E3
:105D80001A600A4B4FF000021A60094B4FF00002F4
:105D90001A60084B4FF000021A60FCF7EFFA034656
:105DA000054A136000BF80BD8006002084060020E5
:105DB000880600208C0600207C06002080B584B078
:105DC00000AF78606420FCF7E3FA0023FB73002344
:105DD000BB600EE075217868FFF7B3FF0346FB73E5
:105DE000FB7B682B09D03220FCF7D2FABB68013369
:105DF000BB60BB68022BEDDD00E000BFFB7B682BC6
:105E000008D0FB7B1946184801F064F8174B0022B4
:105E10001A7026E000226B217868FFF779FF0A20CC
:105E2000FCF7B6FA072219217868FFF771FF032201
:105E30001A217868FFF76CFF01221C217868FFF7B0
:105E400067FF00221B217868FFF762FF20223721BD
:105E50007868FFF75DFF054B01221A70044801F0D6
:105E600039F81037BD4680BDA4B500085D06002096
:105E7000DCB500082DE9B04F98B008AFF8606F4B63
:105E80001B7883F00103DBB2002B40F0D2806C481A
:105E900001F020F89623FB624FF00003FB634FF004
:105EA0000003BB634FF000037B6300233B6323E0ED
:105EB00007F11C0307F1200207F12401F86800F044
:105EC00003F97B6A1946F86BFAF754FB0346FB6348
:105ED0003B6A1946B86BFAF74DFB0346BB63FB6997
:105EE0001946786BFAF746FB03467B630A20FCF7FA
:105EF0004FFA3B6B01333B633A6BFB6A9A42D7DB49
:105F0000F86AFAF7EBFB03461946F86BFAF7EEFC72
:105F100003461A464B4B1A60F86AFAF7DFFB034652
:105F20001946B86BFAF7E2FC03461A46464B1A606C
:105F3000F86AFAF7D3FB03461946786BFAF7D6FCF2
:105F400003464FF07E511846FAF712FB03461A46F5
:105F50003E4B1A604FF00003BB614FF000037B61C2
:105F60004FF000033B6107F1100307F1140207F142
:105F70001801F86800F0A8F8BB69BA69114618461C
:105F8000FAF700FC03461C467B697A6911461846FD
:105F9000FAF7F8FB034619462046FAF7EBFA0346F0
:105FA0001C463B693A6911461846FAF7EBFB034673
:105FB00019462046FAF7DEFA0346184600F0BCFF01
:105FC000B862204B1B681846FAF726FAC7E90001A9
:105FD0001D4B1B681846FAF71FFA04460D461B4B6B
:105FE0001B681846FAF718FA80468946B86AFAF725
:105FF00013FA82468B461649B86AFAF761FD0346E2
:10600000002B06D11349B86AFAF778FD0346002B36
:1060100001D0114B00E0114B0693CDE904ABCDE963
:106020000289CDE90045D7E900230D4800F052FF71
:1060300000E000BF4037BD46BDE8B08F5D060020E0
:10604000E8B50008680600206C06002070060020F5
:106050006666663FCDCC8C3F00B6000818B60008D7
:106060001CB6000880B582B000AF78600B46FB70AC
:106070001346BB70FB781A461F217868FFF748FE6D
:10608000BB781A4620217868FFF742FE402238216B
:106090007868FFF73DFEFB78BA781946034800F0B0
:1060A00019FF00BF0837BD4680BD00BF48B60008D5
:1060B00080B582B000AF78603A217868FFF741FE82
:1060C00000BF0837BD4680BD80B58AB004AFF86018
:1060D000B9607A603B60642302930623019307F161
:1060E0001003009301233B22D021F868FBF7C6FA86
:1060F0003B7C1BB21B021AB27B7C1BB213431BB24C
:106100001846FAF7EBFA03464FF08D411846FAF7B6
:10611000EDFB03461A46244B1B6819461046FAF756
:1061200027FA03461A46BB681A60BB7C1BB21B02E7
:106130001AB2FB7C1BB213431BB21846FAF7CEFA15
:1061400003464FF08D411846FAF7D0FB03461A4636
:10615000164B1B6819461046FAF70AFA03461A4608
:106160007B681A603B7D1BB21B021AB27B7D1BB29F
:1061700013431BB21846FAF7B1FA03464FF08D41AC
:106180001846FAF7B3FB03461A46094B1B68194633
:106190001046FAF7EDF903461A463B681A6000BF4D
:1061A0001837BD4680BD00BF680600206C06002081
:1061B0007006002080B483B000AF78603960054A73
:1061C0007B681360044A3B68136000BF0C37BD4610
:1061D00080BC7047600600206406002080B400AFD9
:1061E000054B1B78002B02D1044B01221A7000BF13
:1061F000BD4680BC704700BF5E06002078060020C8
:1062000080B500AF054B1B78022B04D1FCF7B6F824
:106210000346034A136000BF80BD00BF5E06002036
:10622000740600200000000090B593B002AF7860C3
:10623000854B1B7883F00103DBB2002B40F08E818D
:10624000FCF79CF8F863814B1B78022B00F022814D
:10625000022B00F38A81002B02D0012B12D084E1A3
:106260007B4B1B78DBB2002B00F07A81784B00224D
:106270001A70784800F02EFEFFF77EFD734B012266
:106280001A706DE1744B1B68FA6BD31A632B76D9C5
:10629000714AFB6B136007F1180307F11C0207F149
:1062A00020017868FFF710FF3B6A3A6A11461846EA
:1062B000FAF768FA03461C46FB69FA691146184664
:1062C000FAF760FA034619462046FAF753F90346EF
:1062D0001C46BB69BA6911461846FAF753FA0346D9
:1062E00019462046FAF746F90346184600F024FE00
:1062F00038635A4B1B68002B02D1594A3B6B136021
:106300005849386BFAF73EFA03461C46544B1B6853
:1063100055491846FAF736FA034619462046FAF761
:1063200029F903461A464E4B1A604D4B1B684FF035
:106330007E511846FAF71CF9034623F00043FB622E
:106340004A4B1B68F96A1846FAF714F903461A46CD
:10635000464B1A60F96AF86AFAF714FA03461A46C5
:10636000434B1B6819461046FAF704F903461A46D0
:106370003F4B1A60394B1B680133384A1360374B67
:106380001B680E2B40F3EE80384B1B6839491846CA
:10639000FAF7ACFA0346BB62354B1B683549184621
:1063A000FAF7A4FA03461C46B96AB86AFAF7EAF99A
:1063B000034619462046FAF7DBF803467B62786A03
:1063C000FAF72AF802460B461DA1D1E90001CDE9F2
:1063D0000001294800F07EFD7868FFF769FE274933
:1063E000786AFAF78BFB0346002B1DD0244800F097
:1063F00071FD02220A217868FFF734FEFBF7BEFF29
:106400000346204A1360FBF7B9FF03461E4A136098
:106410000E4B02221A701D4B1B68002B00F0A2804D
:106420001A4B1B6898479DE0194800F053FD012264
:1064300014217868FFF716FE044B00221A7091E0D1
:1064400000000040E17A743F5D0600205E060020F7
:106450007806002064B600087C0600208006002034
:106460008C0600209A99993E3333333F84060020EE
:1064700088060020000070417CB600080AD7A33BC4
:10648000ACB60008740600209006002060060020CC
:10649000D8B60008364B1B68FA6BD31A632B43D966
:1064A000334AFB6B136007F10C0307F1100207F18D
:1064B00014017868FFF708FE7B697A69114618466F
:1064C000FAF760F903461C463B693A6911461846DB
:1064D000FAF758F9034619462046FAF74BF80346EF
:1064E0001C46FB68FA6811461846FAF74BF9034652
:1064F00019462046FAF73EF80346184600F01CFD00
:10650000B8634FF07E51B86BFAF732F8034623F0C8
:1065100000437B631749786BFAF7F0FA0346002BC8
:1065200002D0154AFB6B1360134B1B68FA6BD31A2E
:10653000124A934218D9124800F0CCFC01221421CF
:106540007868FFF78FFD0F4B00221A700E4B1B6807
:10655000002B09D00C4B1B68984705E000BF04E0F6
:1065600000BF02E000BF00E000BF4437BD4690BD61
:1065700090060020CDCC4C3D74060020BFD4010015
:10658000F4B600085E0600206406002080B500AF67
:106590000A4B1B78002B0FD1FBF7F0FE0346084A8D
:1065A0001360FBF7EBFE0346064A1360034B02221F
:1065B0001A70054800F08EFC00BF80BD5E0600200A
:1065C000740600209006002024B7000890B583B020
:1065D00000AF786079680A4800F07CFC094B1C68C1
:1065E0007868FAF7D1FA03469AB24FF47A73796869
:1065F0002046FDF715F900BF0C37BD4690BD00BF22
:106600003CB700089406002080B582B000AF7860E7
:1066100079680A4800F05EFC012210210848FCF766
:106620008BFC7868FBF7B4FE002210210448FCF7CD
:1066300083FC00BF0837BD4680BD00BF44B70008DB
:106640000008014080B582B000AF7860074B05229A
:106650001A70FBF793FE0346054A1360054A7B68F0
:10666000136000BF0837BD4680BD00BF98060020FC
:10667000A0060020A406002080B582B000AF78609C
:10668000084A7B681360074B1B684FF48072064909
:106690001846FDF750F9054800F01CFC00BF08370C
:1066A000BD4680BD94060020A80600205CB7000807
:1066B00080B483B000AF7860034A7B68136000BF8A
:1066C0000C37BD4680BC70479C06002080B400AFEC
:1066D000024B1B781846BD4680BC704798060020C8
:1066E00080B500AF134B1B78002B20D1124800F06F
:1066F000F1FB124B00221A70114B1B684FF4807291
:1067000010491846FDF717F90F48FFF75FFF0F4BC9
:1067100001221A70074B01221A70FBF72FFE034665
:106720000B4A13600B4B4FF4FA721A6000E000BF83
:1067300080BD00BF9806002068B70008A8070020A9
:1067400094060020A806002078B70008AD070020B6
:10675000A0060020A406002080B500AF054800F088
:10676000B9FB054B00221A7040F6C410FFF74CFF2E
:1067700000BF80BD80B700089806002080B582B0B9
:1067800000AF154B1B78032B22D1144800F0A2FB5D
:106790000D23FB71124B1868F91D64230122FDF7CC
:1067A0003FF8104B00221A700D4B1B684FF480729B
:1067B0000D491846FDF7BFF8074B04221A70FBF786
:1067C000DDFD0346094A1360094B64221A6000E0AC
:1067D00000BF0837BD4680BD9806002094B700086A
:1067E00094060020A8070020A8060020A00600208C
:1067F000A406002080B584B002AF78607B68002BCF
:1068000018D07B681B78002B14D00C4B01937B684D
:1068100000930B4B0B4A4FF4C8710B4801F046FF35
:106820000A4B01221A700A4B1B78032B03D1FFF786
:10683000A5FF00E000BF0837BD4680BDF8B70008DF
:10684000A0B70008F0B70008B0070020AE0700208E
:106850009806002080B483B000AF78600B467B8040
:106860007B681A68074B1B681B689A4205D1064A69
:106870007B881380054B01221A7000BF0C37BD4680
:1068800080BC704794060020AA070020A8070020BB
:1068900080B594B000AFFBF771FDF864B44B1B7882
:1068A000062B00F2D48201A252F823F0396E0008C0
:1068B000C9680008556A0008396E0008136B0008A3
:1068C000476C0008396E0008AA4B1B78002B5DD07E
:1068D000A94B1B78DBB2002B3ED0A84B1B889BB288
:1068E000FF2B03D8A54B1B889BB200E0FF23A7F822
:1068F0004230B7F84230A24A0021D1549E4B0022C8
:106900001A70A0499E4802F01BF80346002B1BD0CA
:106910009D4800F0DFFA974B00221A709B4B1B68D2
:106920004FF4807296491846FDF705F8984B0022FF
:106930001A708F4B02221A709648FFF747FE4FF4E9
:10694000FA60FFF77FFE82E2904B1B684FF4807283
:106950008B491846FCF7EFFF8F4B1B68FA6CD21A75
:106960008E4B1B689A42C0F069828D4800F0B2FAE3
:10697000804B00221A703220FFF746FE864AFB6CDD
:106980001360864B4FF42F521A6057E27A4B1B78F4
:10699000DBB2002B36D0794B1B889BB2FF2B03D880
:1069A000764B1B889BB200E0FF23A7F84430B7F872
:1069B0004430734A0021D1546F4B00221A70794B36
:1069C0001B7883F00103DBB2002B13D076496C48AF
:1069D00001F0B6FF0346002B0CD0744800F07AFAA1
:1069E000704B01221A706C4AFB6C13606B4B41F2C6
:1069F00088321A60654B1B684FF4807260491846F4
:106A0000FCF799FF644B1B68FA6CD21A634B1B6846
:106A10009A42C0F01382664800F05CFA614B002293
:106A20001A70554B00221A70584B1B684FF4807235
:106A300053491846FCF77FFF554B00221A704C4B08
:106A400002221A705348FFF7C1FD4FF4FA60FFF7B6
:106A5000F9FDF3E14E4B1B78062B00F2F18101A208
:106A600052F823F0816A0008A56A0008BB6A000892
:106A7000D16A0008E76A0008FD6A0008036B000895
:106A800038464C4B4C4A402101F010FE3B4618461C
:106A9000FFF79CFD3E4B01221A704FF4FA60FFF79E
:106AA000D1FD35E04548FFF791FD394B02221A70C0
:106AB00042F21070FFF7C6FD2AE04148FFF786FD5D
:106AC000334B03221A704FF4FA60FFF7BBFD1FE04F
:106AD0003C48FFF77BFD2E4B04221A704FF4FA60FE
:106AE000FFF7B0FD14E03848FFF770FD284B052292
:106AF0001A704FF4FA60FFF7A5FD09E0244B062257
:106B00001A701B4B03221A70304800F0E3F900BFE3
:106B100096E1214B1B68FA6CD31A632B04D82C4BDB
:106B20001B78012B00F08E81294B1B78052B00F27E
:106B30008B8101A252F823F0516B0008596B0008B9
:106B4000D96B0008EF6B0008056C00081B6C00088F
:106B5000074B03221A7075E01E48FFF737FD1C4BE8
:106B600003221A704FF4FA60FFF76CFD6AE000BF71
:106B700098060020AD070020A8070020AA070020E3
:106B8000A8060020FCB7000800B800089406002002
:106B90004009002010B80008A0060020A40600202C
:106BA00018B80008AC07002028B8000830B8000862
:106BB00040B800084CB8000854B8000870B8000885
:106BC00080B8000890B800089CB80008A8B8000871
:106BD000AE070020C8B800089F48FFF7F7FC9F4B9E
:106BE00003221A704FF4FA60FFF72CFD2AE09C484C
:106BF000FFF7ECFC994B04221A704FF4FA60FFF790
:106C000021FD1FE09748FFF7E1FC944B05221A7025
:106C100042F21070FFF716FD14E09348FFF7D6FC20
:106C20008E4B00221A70914B03221A70904800F08C
:106C300051F9904B1B68002B03D08E4B1B68012031
:106C4000984700BF00E18C4B1B78DBB2002B00F0B3
:106C5000AF80894B00221A70884B1B889BB2FF2B98
:106C600003D8864B1B889BB200E0FF23A7F84A306D
:106C7000B7F84A30824A0021D1548149814800F056
:106C800029F9814B1B684FF480727D491846FCF747
:106C900052FE7E497A4801F053FE0346002B14BF92
:106CA0000123002387F849307949754801F048FEEF
:106CB0000346002B14BF0123002387F84830754991
:106CC0006F4801F03DFE0346002B14BF0123002353
:106CD00087F8473070496A4801F032FE0346002BBE
:106CE00014BF0123002387F8463097F84930002B62
:106CF00007D197F84830002B03D197F84630002B86
:106D000022D0564B1B78052B0DD197F8463083F0D7
:106D10000103DBB2002B06D097F8483083F0010363
:106D2000DBB2002B0FD15D4B1B78062B07D04B4BF2
:106D30001B78002B03D14D4B02221A7003E04B4B02
:106D400004221A7077E076E097F84730002B7DD068
:106D5000524B1B78062B0AD0404B1B78002B06D1D8
:106D60004F4800F0B7F8414B02221A7063E04D48DB
:106D700000F0B0F8394B1B78012B02D93A48FFF7E5
:106D800025FC364B00221A70384B03221A703E4BFA
:106D90001B684FF480723A491846FCF7CCFD354B1E
:106DA0001B68002B52D0334B1B68002098474DE0E6
:106DB0003D4B1B68FA6CD21A3C4B1B689A4245D378
:106DC0003A4B1B6819463A4800F084F8334B1B785D
:106DD000062B12D0214B1B78002B0ED1354800F02A
:106DE00079F8294B1B684FF4807225491846FCF747
:106DF000A2FD1E4B02221A701DE0184B1B78012BBE
:106E000002D91948FFF7E2FB144B00221A70174B06
:106E100003221A701C4B1B684FF4807218491846E5
:106E2000FCF789FD134B1B68002B0FD0114B1B681F
:106E3000002098470AE009E000BF08E000BF06E034
:106E400000BF04E000BF02E000BF00E000BF00BFE1
:106E50005037BD4680BD00BFD8B80008AE0700203F
:106E6000B0070020F0B8000804B900089806002018
:106E700014B900089C060020A8070020AA070020DB
:106E8000A806002028B9000894060020FCB70008D6
:106E900030B9000834B900083CB9000840090020A6
:106EA00048B9000864B90008A0060020A406002024
:106EB00074B9000890B9000880B483B000AF78605E
:106EC000034A7B68136000BF0C37BD4680BC704727
:106ED000440900200FB480B5A2B000AF154B1B6869
:106EE000002B1FD007F194033B60381D3B68D7F897
:106EF0009020802101F082FCC7F88400D7F884300C
:106F0000002B10DD0B4B1868D7F884307F2B03DC87
:106F1000D7F884309AB200E07F22391D3223FCF783
:106F20007FFC00E000BF8837BD46BDE8804004B06C
:106F3000704700BF4409002038B5044600F01AF835
:106F4000214605462046F9F7E3FD20B920460021F9
:106F5000F9F7B6FD08B9284638BD01F051FD2122E8
:106F6000034600211A600846F9F7C0FC054628468A
:106F700038BD00BF20F00042B2F1FF4F2DE9F041D3
:106F800004464FD2002A4BD00028034654DB10F0B1
:106F9000FF424FD15B001802114602F10102F9D500
:106FA00049420024C3F31602A1F17F05CB074FF03D
:106FB000190E4FF0807C214642F4000258BF520067
:106FC0006D10520001EB0C039342CFBF134603EB4D
:106FD0000C016444D31ABEF1010E4FEA43024FEA9A
:106FE0005C0CEFD1BBB11A4E1A4F30683968F9F713
:106FF000BFFAD6F8008001464046F9F76BFD50B164
:1070000030683968F9F7B6FA366801463046F9F75C
:1070100057FDC8B10234601000F17C5000EBC55040
:10702000BDE8F0810146F9F7ADFB2146F9F7A2FA78
:10703000BDE8F081C115B4E70146F9F799FA0146B8
:10704000F9F754FCBDE8F081013424F00104E2E7D3
:10705000E0B90008DCB90008002100F0F5BD2DE919
:10706000F0410F46904603F06BFB04460D46B8F125
:10707000000F11D0C7F30A53C3F16B03002B0BDDD4
:1070800000241B0503F17F5505F5401522462B46CC
:10709000F9F782FD04460D4620462946BDE8F081F9
:1070A0002DE9F04F9DB0159200220E464FF00008DA
:1070B0004FF000090490189217910A780D462B2A78
:1070C00001F101011DD00BD80D2A06D8082AF3D8EA
:1070D0007AB100239A460B9381E0202AECD0F8E79E
:1070E0002D2A10D10122691C17910B926A78002A6F
:1070F00035D1159B1796002B40F08B8540464946AD
:107100002AE00022EFE700210B91302A40F099801D
:107110006A7802F0DF02582A58D102930B9B814A09
:10712000019318AB0093049819AB17A902F0F6FB72
:1071300010F00F06044605D0062E12D100230135AB
:1071400017950B93159B002B40F065850B9B002B2F
:10715000D4D0404609F100411DB0BDE8F08F0D4686
:10716000D3E7189A3AB135211AA803F0D9FB189938
:10717000049802F0ADFF013E042E06D8DFE806F0C9
:1071800014031E211400DDE91A89E00548BF49F007
:10719000004929F000431B0D1B05002BD2D101F043
:1071A0002FFC22230360CDE7199ADDE91A8302F24E
:1071B000334223F4801343EA0259E6E7DFF868918B
:1071C000E3E76FF000494FF0FF38DEE70135179530
:1071D0002B78302BFAD0002BB4D04FF0010A0027C7
:1071E0002B46BB460A210E97184613F8014BA4F113
:1071F0003002092A28D901224C4901F015FB002848
:1072000033D0002022465C46CDE90600652A01D035
:10721000452A14D124B95AEA00033FF46AAF002486
:10722000179E731C179372782B2A72D02D2A76D052
:107230004FF0000CA2F13003092B7DD917960023E3
:107240009FE04FF0000ACAE7BBF1080FD7BF0E9AC4
:1072500001FB074201FB0242303AD4BF0E92A2F179
:1072600030070BF1010B1793BEE7179B5A1C1792BF
:107270005A78BBF1000F33D05C460690A2F1300380
:10728000092B12D901230793C0E7179B01305A1C21
:1072900017925A78302AF8D0A2F13103082B00F265
:1072A000BF84069000200446179D303A00F1010388
:1072B00010D00699204419440A230691A04211D106
:1072C000082800F1010419DC0A230E9903FB0123AD
:1072D0000E930023179A1846511C17915278CDE748
:1072E0005846D7E7082C04F1010403DC0E995943F2
:1072F0000E91E3E7102CD8BF5F43DFE70F28DCBF18
:107300000A2303FB0727E4E700210123CDE9061345
:1073100081E74FF0000CB31C1793B2788AE74FF067
:10732000010CF8E724BC00080000F07FE4B9000875
:10733000179B5A1C17925A78302AF9D0A2F13103C0
:10734000082B3FF67CAF179BA2F1300E1946059330
:107350000B46013317931A781946A2F13003092B13
:107360003CD9059BCB1A082B44F61F633CDC9E4599
:10737000A8BF9E46CDF814E0BCF1000F02D0059BDB
:107380005B420593002C50D15AEA00007FF4DAAE3C
:10739000079B002B7FF4ADAE692A29D026DC492A51
:1073A00026D04E2A7FF4A5AE9F4917A802F0D8FC3C
:1073B00000283FF49EAE179B1B78282B2FD19B49AA
:1073C0001AAA17A802F0E0FC052828D11B9BDDF8BB
:1073D000688043F0FF4949F4E009B3E60A2303FB60
:1073E0000E22A2F1300EB3E70593C5E76E2AD9E766
:1073F0008F4917A802F0B4FC00283FF47AAE179B1F
:107400008C49013B17A8179302F0AAFC10B9179BEF
:10741000013317934FF00008DFF81C9292E687487B
:1074200001F038FB804689468CE6DDE90532BBF188
:10743000000F08BFA3469B1A102C0E98A2460A9371
:10744000A8BF4FF0100AF8F7C5FF092C80468946FF
:1074500011DC0A9B002B3FF475AE0A9B71DD162BE5
:1074600058DC7749424601EBC3014B46D1E90001A4
:10747000F9F792FBD6E7724B03EBCA0353E91223E9
:10748000F9F78AFB804638468946F8F7A3FF02469B
:107490000B4640464946F8F761FE0F2C8046894668
:1074A000D7DD0A9BA4EB0A0A9A44BAF1000F40F315
:1074B00097802AF00F061AF00F0A51D1B6F59A7F7D
:1074C0005EDC0023404649461F46DFF878A13611AE
:1074D000012E79D10BB1804689465A49A9F15479D8
:1074E00001EBC7014246D1E900014B46F9F754FBD5
:1074F000514B0A460B40544980468B4240D8A1F577
:1075000080118B4286BF4FF0FF38DFF8409102F1C7
:10751000547932E00A9AC4F125039342C1DB484D05
:10752000C4F10F0405EBC4014246D1E900014B460A
:10753000F9F732FB0A9B1C1B05EBC405D5E90023B8
:1075400096E71633ADDBDDE905239A1A3C4B40463E
:1075500003EBC2034946D3E90023F9F747FC61E78F
:107560003749424601EBCA014B46D1E90001F9F720
:1075700013FB80468946002EA0D1002307939FE08D
:10758000002405940E94069422234FF00008049AD8
:10759000DFF8A49013600E9B002B3FF4D3AD189935
:1075A000049802F095FD0699049802F091FDDDE93A
:1075B000040102F08DFD0E99049802F089FD214628
:1075C000049802F085FDBDE5F20704D5DAE9002351
:1075D000F9F7E2FA0123013776100AF1080A77E792
:1075E000CBD0CAF1000A4FEA2A161AF00F0A0DD1C1
:1075F0001F2E2DDD002405940E9406942223049A58
:107600004FF000084FF000091360C4E70C4B4046F0
:1076100003EBCA034946D3E90023F9F7E7FB8046A9
:107620008946002EA9D0E3E7F3B9000810BC000892
:10763000EBB90008D2BA00080000F07FCEBA00080B
:1076400098BC000870BC00080000A07CFFFFEF7F22
:1076500016F0100318BF6A234046079349460023DB
:10766000764FF20704D5D7E90023F9F795FA0123FD
:10767000761007F10807F4D10BB180468946079BC5
:10768000B3B1C9F30A52C2F16B03002B49460FDDB7
:107690001F2B59DD342BD8BF4FF0FF334FF00008BC
:1076A000CFBF4FF05C79C2F14B02934003EA01096E
:1076B0000022002340464946F9F7D6FC002899D11C
:1076C0000E9B5A46009329462346049802F068FD13
:1076D0000E9000283FF454AFDDE905239B1A0A9A67
:1076E0000024002AA8BF0023129322EAE273149315
:1076F00005940E9B0498596802F0ACFC0690002893
:107700003FF442AF0E9B0C301A6903F10C010232B8
:10771000920001F0B0F91AAB019319AB0093424605
:107720004B460498CDE90C8903F072F818900028B4
:107730003FF42AAF0121049802F0C8FD03460590EA
:1077400048B9002305931FE74FF0FF3202FA03F315
:1077500003EA0808ACE7199D1A9A002DABBF129BEB
:10776000149BEF185E1B079BA8BF149EA5EB030597
:107770001544334B05F1FF35B8BF129F9D42C2F14E
:1077800036024FDA5B1B1F2B4FF00101A2EB030205
:107790003CDC4FF0000B01FA03FABD18079BAF4227
:1077A00016441E443B46A8BF2B46B342A8BF3346EF
:1077B000002BC2BFED1AF61AFF1A129B002B16DD22
:1077C000DDE904011A4602F03FFE05900028B8D01A
:1077D0000146189A049802F08FFD0F9000283FF49C
:1077E000D3AE1899049802F073FC0F9B1893002DE8
:1077F0001BDC0A9B002B25DD149A0699049802F0E5
:1078000023FE0690F0B900230693BDE6C5F17F453F
:1078100005F57F0505F57B45E23501FA05FB4FF0DF
:10782000010ABAE74FF0000BF9E72A4618990498C5
:1078300002F066FE18900028DBD1A5E638BC0008EF
:1078400002FCFFFF002E07DD32460699049802F085
:1078500057FE06900028D6D0002F08DDDDE9040190
:107860003A4602F04DFE059000283FF48DAE069A90
:107870001899049802F0CCFE044600283FF484AE28
:10788000C36805990F930023C36002F0A5FE00288A
:107890003CDA0F9B53EA08035ED1C9F313034D464C
:1078A000002B59D129F000431B0D1B05B3F1D66FF6
:1078B00052D9636913B92369012B4DDD2146012299
:1078C000049802F01DFE0599044602F085FE00288A
:1078D00042DDA74B079A2B40002A5FD0B3F1D66F49
:1078E0005CD8B3F15C7F7FF689AE40464946A14B38
:1078F0000022F9F751F99E4B80460B408946002B38
:107900007FF44DAE2223049A136048E64D4662D1BF
:107910000F9AC9F3130342B3974A934228D1079BA6
:107920004146EBB1924B4FF0FF322B40B3F1D46F95
:1079300019D81B0DC3F16B0302FA03F3994217D157
:107940008E4B9D4202D101313FF41EAE4FF0000834
:10795000874B2B4003F58019079B002BC5D11EE6F2
:107960004FF0FF33EAE71346E8E753EA0803B0D0E5
:10797000BBF1000F1BD01BEA050FEDD00F9B40465B
:107980004946079AB3B1FFF76AFB02460B46DDE9A9
:107990000C01F8F7E3FB80468946DDE7A3F5801389
:1079A0006FEA13594FF0FF386FEA0959D4E71AEA22
:1079B000080FE2E7FFF753FB02460B46DDE90C0137
:1079C000F8F7CAFB0022002380468946F9F74CFBF2
:1079D0000028C1D012E62046059902F071FF00226E
:1079E0004FF0804306460F46F9F752FB00286ED051
:1079F0000F9B002B79D1B8F1000F54D1C9F31303B9
:107A0000002B56D10022304639465D4BF9F736FB44
:107A1000002857D10022304639465A4BF9F7BCF8B6
:107A200082468B460BF10043CDF820A00993504BC2
:107A30004F4A2B401393544B2A409A42DDE9086782
:107A400040F0A880A5F154794046494602F078FEFE
:107A5000DDE90823F9F7A0F842464B46F8F77EFB2C
:107A6000434D4A4A0D409542804645D90D9A434BB5
:107A70009A4203D10C9B01333FF486AD4FF0FF389F
:107A8000DFF8F8901899049802F022FB0699049800
:107A900002F01EFBDDE9040102F01AFB2146049806
:107AA00002F016FB25E6B8F1010F02D1002D3FF4DC
:107AB000A5AD0022364B4FF0000ACDE90823DFF8D0
:107AC000C0B0B4E74FF0000ADFF8B8B0AAE72D4B1A
:107AD000002230463946F9F75FF80F9B82468B4605
:107AE000002B9FD0CDE908ABA1E70022244B9246A2
:107AF0009B46CDE908239AE701F15479079B002BB7
:107B0000C0D129F00043139A1B0D1B059A42B9D12D
:107B100050465946F9F738FBF8F7A8FC02460B46E1
:107B200050465946F8F718FB0F9AC9F3130343EA76
:107B30000803134306460F4665D009A3D3E9002383
:107B4000F9F79CFA00287FF42AAD07A3D3E90023B4
:107B500030463946F9F7B0FA002893D01FE500BF48
:107B60009535A094FFFFDF3F35E5AF350000E03FDE
:107B70000000F07F00005039FFFF0F00FFFFEF7F94
:107B80000000F03F0000E03F0000E07FFFFF9F7C2F
:107B90000000F0BF079B13B3139BB3F1D46F1ED843
:107BA00025A3D3E9002350465946F9F771FA90B15D
:107BB00059465046F9F7C8FA012838BF0120F8F7AE
:107BC00009FC0F9B82468B46D3B901F1004310900C
:107BD0001193DDE91067139A07F1D6639F1ADDE967
:107BE0000C0102F0ADFD02460B4630463946F8F76F
:107BF000D3FFDDE90C23F8F7B1FA804689467DE72B
:107C0000CDE910ABE5E70EA3D3E90023F9F736FA87
:107C1000A2E700230B93179B159A1360FFF796BA00
:107C2000652A3FF471AB452A3FF46EAB01230793FD
:107C3000FFF7AABBAFF300800000C0FFFFFFDF41EA
:107C40009535A094FFFFCF3F0A4601460248034BFB
:107C50000068FFF725BA00BF84010020180000204B
:107C6000002B2DE9F0471D46BBBF03F100431D4625
:107C700000232D2388B01446B8BF1446129A109ED4
:107C80001370149BDDF84CA023F02008B8F1460FC8
:107C900005D0B8F1450F00D10136022300E00323DF
:107CA00007AA049206AACDE902A2CDE9003622462F
:107CB0002B4600F09DFFB8F1470F074619D1119BE5
:107CC000DB070ED500EB06090022002320462946DB
:107CD000F9F7CAF908B1CDF81C903022079B4B4543
:107CE0001ED33846079B159ADB1B136008B0BDE80E
:107CF000F087B8F1460F00EB0609E5D10378302B89
:107D00000AD10022002320462946F9F7ADF918B917
:107D1000C6F10106CAF80060DAF800309944D3E7EA
:107D2000591C07911A70D9E7F7B50029B6BF2D2362
:107D30002B23494209290270437029DD0DF1070404
:107D400025460A27B1FBF7F6224607FB1613303308
:107D500002F8013C0B46632B314604F1FF34F1DCA1
:107D60003031931E04F8011C1C46411CAB420AD35F
:107D70000DF109039B1AA54238BF0023821C13444E
:107D8000181A03B0F0BD13F8016B01F8016FEDE7AD
:107D9000302330318370C170031DF1E72DE9F04FBE
:107DA00091B00C46DDF8688016461F46054600F087
:107DB000DDFD036818460A93F8F7E6FE00230E93EC
:107DC000D8F8003094F818A0073323F00703F3E83D
:107DD0000212D4F800B0CDE90812C8F800301346FA
:107DE0000A46C4E91223DDE9088323F000490B9019
:107DF0004FF0FF32404649469B4BF9F767F970BB9D
:107E00004FF0FF3240464946974BF9F741F930BBF6
:107E1000DDE9080100220023F9F730F910B12D2324
:107E200084F84330914A924BBAF1470F8CBF904689
:107E3000984603234FF0000923612BF004032360CD
:107E400033462146284600970FAA00F0D3F90130A7
:107E500040F08F804FF0FF3011B0BDE8F08FDDE9CA
:107E6000082310461946F9F731F940B1099B814AB8
:107E7000002BBCBF2D2384F843307F4BD4E76368CD
:107E80000AF0DF095A1C3ED10623636000224BF43E
:107E90008063236006920EAACDE904A20DAA039284
:107EA0000DF13302CDE90132636828460093DDE924
:107EB0000823FFF7D5FEB9F1470F80460D9929D168
:107EC000C81C02DB63688B4241DAAAF1020A5FFA3E
:107ED0008AFA5246013904F150000D91FFF724FF50
:107EE0000E9A81461318012A236102DC2268D20708
:107EF00001D5013323619DF83330002BA0D02D2311
:107F000084F843309CE7B9F1470FBFD1002BBDD1B6
:107F10000123BAE7BAF1650FDBD9BAF1660F18D1C0
:107F2000002963680BDD216113B92268D00702D5EF
:107F300001330B4423614FF00009A165DBE713B95E
:107F40002268D20701D50233F4E70123F2E74FF0AC
:107F5000670A0E9B8B4205DC23682161D807EAD5AE
:107F60004B1CE7E70029CCBF0122C1F102021344F8
:107F7000E0E723685A0507D423694246314628467C
:107F8000B84701302BD165E7BAF1650F40F2DC80CC
:107F9000D4E9120100220023F9F766F8002833D053
:107FA000012331462846354AB84701303FF452AFE5
:107FB000DDE90D38434502DB2368D8070FD5DDE93D
:107FC0000A2331462846B84701303FF443AF4FF00B
:107FD000000908F1FF3804F11A0AC84509DC2368D2
:107FE0009B0700F10281E0680F9B9842B8BF1846DA
:107FF00032E70123524631462846B84701303FF464
:1080000029AF09F10109E8E70D9B002B38DC0123BA
:1080100031462846194AB84701303FF41BAFDDE925
:108020000D3959EA030302D12368D907D7D5DDE911
:108030000A2331462846B84701303FF40BAF4FF0D2
:10804000000A04F11A0B0D9B5B42534501DC4B46C1
:1080500093E701235A4631462846B84701303FF49A
:10806000F9AE0AF1010AEEE7FFFFEF7FEAB9000877
:10807000E6B90008F2B90008EEB90008F6B9000840
:10808000A36DDDF838A05345A8BF5346002B994691
:1080900036DC4FF0000B29EAE97904F11A02A36DEE
:1080A0000893A3EB09035B4531DC0D9B9A453ADC51
:1080B0002368DA0737D40D9BAAEB0309089BAAEBC8
:1080C00003039945A8BF9946B9F1000F33DC4FF07F
:1080D000000829EAE97904F11A0B0D9BAAEB0303C6
:1080E000A3EB090343457FF77AAF01235A46314694
:1080F0002846B84701303FF4ADAE08F10108ECE77F
:10810000424631462846B8470130C2D1A2E6012393
:10811000314628460892B84701303FF49BAE089A92
:108120000BF1010BBBE73146DDE90A232846B847CE
:108130000130C0D18EE6089A4B463146284642446B
:10814000B8470130C3D185E6DDF838A0BAF1010F98
:1081500001DCDB0736D50123424631462846B847C5
:1081600001303FF477AEDDE90A2331462846B847AF
:1081700001303FF46FAED4E91201002200230AF16E
:10818000FF3AF8F771FFC0B9534608F101023146D2
:108190002846B84701300CD15CE601235A463146E7
:1081A0002846B84701303FF455AE08F10108D045E4
:1081B000F3DB4B4604F15002E0E64FF0000804F117
:1081C0001A0BF4E701234246E1E701234A46314610
:1081D0002846B84701303FF43DAE08F10108E36896
:1081E0000F995B1A4345F0DCFDE64FF0000804F1FF
:1081F0001909F4E72DE9F047164698468A680B6995
:1082000007469342B8BF1346336091F843200C46AB
:10821000DDF820900AB1013333602368990642BF2C
:10822000336802333360256815F0060506D104F182
:10823000190AE36832689B1AAB422BDC94F843308E
:108240002268003B18BF0123920630D441463846CD
:1082500004F14302C847013023D02368226903F0A8
:108260000603042B14BF002533684FF0000608BF37
:10827000E56804F11A0408BFED1A54F8123C08BF6F
:1082800025EAE5759342C4BF9B1AED18B5421AD191
:10829000002008E00123524641463846C8470130D5
:1082A00003D14FF0FF30BDE8F0870135C1E7302042
:1082B000E11881F843005A1C94F845102244023317
:1082C00082F84310C2E70123224641463846C84798
:1082D0000130E6D00136D9E72DE9F0430D7E85B0B7
:1082E000782D904607460C4699460C9E01F14302B4
:1082F00007D8622D0AD8002D00F0D780582D00F045
:10830000BC8004F1420684F842503BE0A5F16303CF
:10831000152BF6D801A151F823F000BF7583000892
:10832000898300080383000803830008038300088F
:10833000038300088983000803830008038300087F
:10834000038300080383000891840008B3830008B6
:10835000438400080383000803830008B3840008F3
:1083600003830008B3830008038300080383000825
:108370004B84000833681A1D1B68326004F1420602
:1083800084F842300123A1E033682068191D316070
:10839000060601D51D6803E04506FBD5B3F900507C
:1083A000002D03DA2D236D4284F843300A235B4805
:1083B00011E021683368080653F8045B02D44906CB
:1083C00048BFADB23360237E54486F2B5CD1082385
:1083D000002184F843106668002EA66005DB216842
:1083E0002E4321F00401216050D01646B5FBF3F175
:1083F00003FB115C10F80CC006F801CDAC466345D8
:108400000D46F3D9082B0BD12368DB0708D5236968
:1084100061689942DEBF302306F8013C06F1FF3661
:10842000921B2261434621463846CDF8009003AAAC
:10843000FFF7E0FE01304ED14FF0FF3005B0BDE850
:10844000F083236843F0200323607825344884F8C0
:1084500045502368316813F0800F51F8045B03D155
:1084600013F0400F18BFADB23160D90744BF43F0DD
:10847000200323601DB11023AAE72848E7E72368FB
:1084800023F020032360F6E70A23A1E71646B9E7A5
:1084900033682568181D616930602E061B6801D598
:1084A000196002E06806FBD5198000231646236197
:1084B000B8E7336800211A1D32601E6862683046D2
:1084C00000F0CBFA08B1801B606063682361002371
:1084D00084F84330A6E73246414638462369C84708
:1084E0000130A9D023689B0713D4E068039B98420E
:1084F000B8BF1846A2E70123324641463846C8476E
:10850000013099D00135E36803995B1AAB42F2DC84
:10851000EBE7002504F11906F5E700BFF8B90008FC
:1085200009BA0008002310B50446C0E90033C0E9C9
:108530000433836081814366C281836119460822C6
:108540005C3000F069F90D4B246263620C4BA3624E
:108550000C4BE3620C4B23630C4B9C4206D003F1A3
:108560006802944202D0D0339C4205D104F15800F5
:10857000BDE8104000F06EBA10BD00BF19870008BA
:108580003B87000873870008998700084809002086
:10859000024A0349034800F06BB800BF0C000020FA
:1085A00071AD00088801002041680C4B10B599425C
:1085B000044601D002F0DCFBA168094B994202D0CD
:1085C000204602F0D5FBE168064B994204D02046D4
:1085D000BDE8104002F0CCBB10BD00BF4809002030
:1085E000B0090020180A00200C4B0D4A10B50421D8
:1085F0001A600C480022FFF795FF0A4B01221C4627
:10860000092103F16800FFF78DFF04F1D000022279
:10861000BDE810401221FFF785BF00BF800A00208F
:108620009185000848090020014800F014BA00BFF5
:10863000890A0020014800F00FBA00BF890A002013
:1086400010B50446FFF7F0FF236A1BB1BDE81040E8
:10865000FFF7F0BF044B2362044B1B68002BF5D1DE
:10866000FFF7C2FFF2E700BFA9850008800A0020DB
:108670002DE9F8430746884614460026D4E90195BB
:10868000B9F1010905D52468002CF7D13046BDE8C1
:10869000F883AB89012B07D9B5F90E30013303D02C
:1086A00029463846C04706436835E9E70CB430B57B
:1086B000184B0C1E1D689DB008DA8B234FF0FF305D
:1086C0002B601DB0BDE8304002B070474FF402731C
:1086D000ADF814304FF000031B930CBF234604F198
:1086E000FF33049307934FF6FF7302900690ADF8A3
:1086F0001630284621AB209A02A9019302F0C2F954
:10870000431CBCBF8B232B60002CDAD00022029BC1
:108710001A70D6E78401002010B50C46B1F90E108E
:1087200000F04AF90028ABBF636DA3891B1823F43E
:108730008053ACBF6365A38110BD2DE9F0411F4696
:108740008B890546DB050C46164605D5022300221B
:10875000B1F90E1000F01EF9A389324623F48053BC
:10876000A38128463B46B4F90E10BDE8F04100F065
:1087700035B910B50C46B1F90E1000F00BF9B4F98B
:108780000C30421C0BBF23F4805343F48053A3816D
:10879000A38118BF606510BDB1F90E1000F0EAB8F2
:1087A00030B51446002C05461A469BB005DA8B23DB
:1087B00003604FF0FF301BB030BD4FF40273ADF8D3
:1087C0000C304FF0000319930CBF234604F1FF3324
:1087D000029305934FF6FF7300910491ADF80E30AC
:1087E00069461E9B02F04EF9431CBCBF8B232B60D5
:1087F000002CE0D00022009B1A70DCE707B5009344
:1088000013460A46014603480068FFF7C9FF03B054
:1088100000BD00BF8401002003460244934200D102
:10882000704703F8011BF9E710B56AB101398418E4
:1088300010F8012B11F8013F9A4203D1A04201D058
:10884000002AF5D1D01A10BD1046FCE7034610B53A
:10885000013932B111F8014F013A03F8014B002CF4
:10886000F7D100211A44934200D110BD03F8011B37
:10887000F9E700001B4B2DE9F0411C680646656CCA
:108880000F463DBB502001F01DFB0246606420B93D
:108890005B21154B154800F003F98560626CC0E957
:1088A0000055C2E90355626C2B46C2E90555626C5E
:1088B000C2E90A55626CC2E90C55626CC2E90E55F8
:1088C000626CC2E91055626CC2E91255626C157790
:1088D000656C6B622A4639463046BDE8F04101239B
:1088E00000F006B8840100201ABA000831BA000866
:1088F000F0B5044608B9146844B10F46204614F890
:10890000015B17F8016B1EB965B91560002005E021
:10891000B542F6D1002BF0D114600370F0BD1C46B7
:108920000CE01DB90E46274614F8013B16F8015B12
:10893000AB42F6D1002BF2D000233B701460EDE780
:108940000A7870B56AB970BD9A4209D10C460546DD
:1089500014F8013F002BF6D015F8016F9E42F7D0B6
:1089600001300378002BEFD11846ECE70048704740
:108970000801002038B50023054D044608462B6049
:10898000FCF76DFF431C02D12B6803B1236038BD97
:10899000840A002038B50446084611460022054DD9
:1089A0002A601A46FCF77FFF431C02D12B6803B1F3
:1089B000236038BD840A002038B5044608461146B5
:1089C0000022054D2A601A46FCF710FF431C02D115
:1089D0002B6803B1236038BD840A002038B50446F3
:1089E000084611460022054D2A601A46FCF71BFF77
:1089F000431C02D12B6803B1236038BD840A0020D8
:108A0000014B1868704700BF8401002070B5002634
:108A10000C4D0D4B5B1B9C10A64209D1002602F0A9
:108A2000EDFC0A4D0A4B5B1B9C10A64205D170BDA4
:108A300055F8043B98470136EEE755F8043B984754
:108A40000136F2E76CBE00086CBE00086CBE000880
:108A500070BE0008704770477047034610B5C9B232
:108A600002449342184601D1002003E00478013308
:108A70008C42F6D110BD0A44914200F1FF3300D17F
:108A8000704710B511F8014B914203F8014FF9D12D
:108A900010BD000000200149704700BF0000F87FB2
:108AA0001FB514461A46094B05461B68D8684CB1D9
:108AB000074BCDE9013400912B46064902F080F9BD
:108AC00002F0BAF9044B1C46F3E700BF8401002012
:108AD00093BA0008A0BA0008CEBA00082DE9F74FF3
:108AE00003690C690746A3427EDB013CA30000F149
:108AF000140501F11408009305EB8403019358F861
:108B0000243055F8242001339A42B2FBF3F608EBE7
:108B100084092ED34FF0000AC446AE46D3465CF813
:108B2000043B98B206FB00A01B0C020C06FB0323BF
:108B3000DEF8002080B292B2121A5A44DEF8000029
:108B40004FEA134A9BB2C3EB224303EB104392B2AA
:108B500042EA0342E1454FEA234B4EF8042BDED2B2
:108B6000009BEB582BB9019B043B9D421A462FD327
:108B70003C61384601F030FD002825DB2946002005
:108B800058F8042BD1F800C01FFA82FE1FFA8CF3AC
:108B9000A3EB0E030344120CC2EB234202EB1C4274
:108BA0009BB243EA0243C1454FEA224041F8043BED
:108BB000E6D255F8242005EB840322B9043B9D42FC
:108BC0001A460BD33C610136304603B0BDE8F08F46
:108BD0001268043B002ACBD1013CC6E71268043B73
:108BE000002AEFD1013CEAE70020EEE70000000098
:108BF0002DE9F04F16461F46C26999B08146CDE96E
:108C00000E67259C82B9102001F05CF90246C9F874
:108C10001C0020B9EF21A84BA848FFF741FF002313
:108C2000C0E901330360C360116859B10123526880
:108C3000484693404A608B6001F04AFA0022D9F816
:108C40001C301A60B7F10008B5BF01230023236070
:108C500023609B4BBCBF28F00048CDF83C8033EA32
:108C600008031AD142F20F73249AC8F3130858EA82
:108C70000608136000F07485269B53B9914B21E0E0
:108C8000914B03930833269A1360039819B0BDE8FB
:108C9000F08F8C4B03930333F5E7DDE90E34CDE918
:108CA0000A34DDE90A0100220023F8F7DDF98246E3
:108CB00050B10123249A1360269B13B1834B269A4B
:108CC0001360834B0393E0E716AB019317AB00935C
:108CD0004846DDE90A2301F09BFD5FEA1854169D22
:108CE00004907BD0DDE90A010B9BA4F2FF34C3F3AF
:108CF000130343F07F5343F44013CDF850A01946BB
:108D00000022744BF7F728FA65A3D3E90023F7F79D
:108D100043FF65A3D3E90023F7F720FA0646204670
:108D20000F46F7F767FB62A3D3E90023F7F734FF99
:108D300002460B4630463946F7F710FA06460F460C
:108D4000F8F7DAF900228046002330463946F8F772
:108D500095F948B14046F7F74DFB32463B46F8F7E8
:108D600083F908B908F1FF38B8F1160F53D8DDE9D7
:108D70000A01594B03EBC803D3E90023F8F77EF946
:108D800000284AD0002308F1FF3811932D1B6B1ED9
:108D9000099349BF00230027C5F101070993B8F1E2
:108DA000000F3CDB099BCDF840804344099300232E
:108DB0000C93229B092B64D8052BC4BF043B229340
:108DC000229BC8BF0024A3F10203D8BF0124032BB8
:108DD00000F28680DFE803F05153362B179C2C44B9
:108DE00004F23243202BC1BFC3F1400308FA03F859
:108DF00004F2124326FA03F3D6BFC3F1200348EA74
:108E0000030006FA03F0F7F7E5FA0122A1F1F8737F
:108E1000013C149273E70123B7E71190B6E7C8F15C
:108E200000030C930023A7EB08071093C1E701236D
:108E30000D93239B434408930133012B0593B8BF43
:108E4000012306E001230D93239B002B4BDD0893A8
:108E5000059300210422D9F81C0002F114059D425B
:108E600046D94160484601F0F5F80390002842D108
:108E7000024640F2AF11194BCEE60023E3E7002390
:108E8000D6E7012400230D9422934FF0FF330022F4
:108E90000893059312232392DBE700BFAFF3008012
:108EA00061436F63A787D23FB3C8608B288AC63FF0
:108EB000FB799F501344D33F1ABA0008DCBA00086C
:108EC0000000F07FD8BA0008CFBA0008F7B9000850
:108ED000F6B900080000F83F98BC000834BB000851
:108EE00001230D93D1E701231A4608930593D2E796
:108EF00001315200B1E7D9F81C30039A1A60059B82
:108F00000E2B00F2A180002C00F09E80B8F1000F23
:108F100036DD9F4B08F00F0203EBC20318F4807F8D
:108F20004FEA2815D3E900AB16D0DDE90A01994BC9
:108F30000324D3E90823F7F759FFCDE9060105F02B
:108F40000F05944E75B9DDE9060152465B46F7F709
:108F50004DFF82468B462DE0DDE90A34CDE906342B
:108F60000224EEE7E90708D5D6E900235046594622
:108F7000F7F712FE82468B4601346D100836E1E7A2
:108F800000F0AD80DDE90A01C8F10005804B05F075
:108F90000F0203EBC203D3E90023F7F7FDFD022420
:108FA00082468B4600237B4E2D11002D40F08C8095
:108FB000002BCED1119B002B00F095800022504653
:108FC0005946754BF8F75AF8002800F08C80059B3D
:108FD000002B00F08880089B002B35DD08F1FF3363
:108FE00050465946069300226C4BF7F7D5FD824652
:108FF0008B46089E01342046F7F7FCF952465B4643
:10900000F7F7CAFD0022664BF7F7A8F80446A1F16E
:109010005075CDE91245002E69D1002250465946BF
:10902000604BF7F799F822462B4682468B46F8F7B5
:1090300043F8002840F0998222465046594605F1EF
:109040000043F8F71BF820BB179B002BC0F265818B
:10905000B8F10E0F00F361814D4B03EBC803D3E968
:1090600000AB239B002B80F2EF80059B002B00F3CD
:10907000EB800ED100224B4B50465946F7F78CFD42
:1090800002460B46DDE90A01F8F702F8002800F075
:109090006F8200252C46239B039EDB4306932746C5
:1090A00000242946484601F013F8002F00F0C28042
:1090B0002CB1BC4203D02146484601F009F839469C
:1090C000484601F005F8B5E0EA0705D5D6E90023E2
:1090D000F7F762FD012301346D10083665E70224BD
:1090E000DDE90AAB66E7059ECDF8188083E7284BDB
:1090F00003EBC60353E902010D9B002B56D0024639
:109100000B4600202849F7F771FEDDE91223F7F737
:1091100023F8039BCDE912019D191E46594650467E
:10912000F7F7EAFF0446F7F765F902460B465046A3
:109130005946F7F711F8DDE91223303406F8014BF0
:1091400082468B46F7F79AFF002873D152465B465A
:1091500000201149F7F700F8DDE91223F7F78EFF39
:10916000002840F0BB80AE423FF46EAFDDE9120153
:1091700000220A4BF7F710FD0022CDE91201074B40
:1091800050465946F7F708FD82468B46C6E700BFB2
:1091900098BC000870BC00080000F03F00002440AC
:1091A00000001C40000014400000E03FDDE91223F5
:1091B000F7F7F2FC039BCDE912013344039D1593AD
:1091C00059465046F7F798FF0446F7F713F90B4650
:1091D000024659465046F6F7BFFF3034159B05F856
:1091E000014B9D4282468B4627D1DDE91201039B4C
:1091F00000221E44B54BF6F7B1FF02460B4650461F
:109200005946F7F759FF002868D1DDE912230020FD
:10921000AE49F6F7A1FF02460B4650465946F7F70E
:109220002DFF00283FF410AF334616F8012D302AE9
:10923000FAD01E46DDF818803EE00022A44BF7F776
:10924000ABFC82468B46BBE70024039EA04D5246F2
:10925000DDE90A015B46F7F7C9FDF7F74DFF074661
:10926000F7F7C8F852465B46F7F796FC02460B46FE
:10927000DDE90A01F6F770FF07F1300C06F801CBC3
:10928000DDF80CC0DDF814E0A6EB0C0CE645024658
:109290000B4633D1F6F762FF52465B4604460D4655
:1092A000F7F70AFFC0B952465B4620462946F7F752
:1092B000DBFE08B1FB070FD44846049900F008FF15
:1092C0000023249A337008F101031360269B002BBE
:1092D0003FF4DBAC1E60D8E4CDF8188033461E4660
:1092E00013F8012D392A06D1039A9A42F7D1069A2A
:1092F00001320692302201321A709BE722462B4639
:10930000F7F74AFC02460B46CDE90A230022002368
:10931000F7F7AAFE00289AD0CEE70D9A002A00F0AF
:10932000E380229A012A00F3C280149A002A00F0F6
:10933000BA8003F233430C9D3E46099A01211A4438
:1093400048461F44099200F0C1FF044656B1099BEC
:10935000002B07DDB342A8BF3346099AFF1AF61A5D
:10936000D31A09930C9B0BB30D9B002B00F0C38009
:10937000002D00F0BD8021462A46484601F064F8E1
:10938000049A01460446484600F0B6FF0499824616
:10939000484600F09DFE0C9B5B1B0C9300F0AE80DA
:1093A00051460C9A484601F04FF804900121484676
:1093B00000F08CFF109B0546002B00F0D8811A4668
:1093C0000146484601F040F8229B0546012B00F378
:1093D0009D800E9B002B40F094800F9BC3F31303E2
:1093E000002B40F08E800F9B23F000431B0D1B05CC
:1093F000002B00F089804FF0010A099B01370133EF
:109400000993109B002B00F0B8812B6905EB8303B7
:10941000186900F00FFFC0F12000099B184410F0FC
:109420001F007ED0C0F12003042B72DD099BC0F128
:109430001C000344074406440993002F05DD3A4607
:109440004846049901F05CF80490099B002B05DD67
:1094500029461A46484601F053F80546119B002B51
:1094600061D02946049801F0B7F800285BDA08F1CA
:10947000FF3306930A2200234846049900F04AFE6F
:109480000D9B0490002B00F07A81002321460A22D4
:10949000484600F03FFE089B0446002B72DC229BEE
:1094A000022B49DC6EE0169BC3F1360343E7059BB4
:1094B0005D1E0C9BAB420DDB5D1B059B002BBFF6BD
:1094C0003BAF059BFE1A002337E700BF0000E03FDB
:1094D000000024400C9B109AEB1A1A440C953E464F
:1094E0000025059B109228E73E460C9D0D9C2DE71C
:1094F000DDF810A054E70C9A049953E7CDF810A0BA
:1095000054E74FF0000A7CE79A467AE74FF0000AEA
:109510007BE792D0099A1C331A441F441E440992D7
:109520008BE70346F6E7059BCDF81880002B23DC7C
:109530000893229B022B21DD089B002B7FF4ABAD0F
:1095400029460522484600F0E5FD014605460498F7
:1095500001F042F800287FF79EAD3123039E06F804
:10956000013B069B0133069399E535462C46F4E70B
:10957000059DCDF81880F9E7059B08930D9B002BFE
:1095800000F00181002E05DD21463246484600F0FC
:10959000B7FF0446BAF1000F5AD04846616800F0A0
:1095A00059FD064628B9024640F2EF21814BFFF7EC
:1095B00033BB226904F10C01023292000C30FFF738
:1095C0005AFA01223146484600F09AFF0746039BAB
:1095D000039A03F1010B089B13440A930E9B03F0BB
:1095E000010309930BF1FF33294604980593FFF714
:1095F00075FA2146089000F1300A049800F0ECFF5B
:109600003A4680462946484601F002F8C2680646B6
:1096100002BB0146049800F0DFFF0246314648468F
:109620000C9200F055FD229B0C9A5E4642EA030123
:10963000099B194310D1BAF1390F2BD0B8F1000FA3
:1096400002DD089B03F1310A059B83F800A028E5A1
:109650002746BCE70122E1E7B8F1000F06DB229BB9
:1096600048EA0308099B58EA030820D1002AEBDDE9
:1096700001220499484600F043FF2946049000F077
:10968000ABFF002803DCDFD11AF0010FDCD0BAF108
:10969000390FD6D13923059A137033461E4616F872
:1096A000012C013B392A53D001321A70F9E4002A07
:1096B00007DDBAF1390FEDD0059A0AF101031370F5
:1096C000EFE40A9B0BF801AC5B452BD000230A2288
:1096D0000499484600F01EFDBC4204904FF0000380
:1096E0004FF00A022146484606D100F013FD044619
:1096F00007460BF1010B75E700F00CFD39460446F7
:1097000000230A22484600F005FD0746F1E7089BC2
:109710002746002B03F1FF36D8BF00260024039B09
:109720005A1C164401220499484600F0E9FE2946D5
:10973000049000F051FF0028AFDC02D11AF0010FB5
:10974000ABD133461E4613F8012D302AFAD0A8E4D7
:10975000039A9A42A2D1069B013306933123AEE7C6
:10976000269B002B7FF48CAA134BFFF7ABBA229BEE
:10977000012B7FF72EAEDDF840A001204DE6089BBF
:10978000002B7FF7D6AE039E29460498FFF7A6F973
:10979000039B00F1300A06F801ABF21A089B9342D2
:1097A000B5DD00230A224846049900F0B3FC04907A
:1097B000EAE700BF34BB0008CFBA000838B5054659
:1097C000002940D051F8043C0C1F002BB8BFE4180E
:1097D00000F034FC1C4A136833B9636014602846F7
:1097E000BDE8384000F030BCA34208D920682118F9
:1097F0008B4201BF19685B6809182160EDE71A46C2
:109800005B680BB1A342FAD911685018A0420BD182
:1098100020680144501883421160E0D118685B68E9
:10982000084410605360DAE702D90C232B60D6E7B6
:10983000206821188B4201BF19685B6809182160F4
:1098400063605460CBE738BD900A002003692DE9BE
:10985000F043B3EB611F00F114044FEA611246DDDF
:1098600011F01F0104EB830604EB82050CD129469D
:1098700000F11007B14235D39B1A9B00EA1E9642B5
:1098800038BF0023234415E0A14654F82270C1F1EB
:109890002008CF4005F1040E7645F44616D89A1AF2
:1098A0009200043A0135AE4238BF0022A318A750F7
:1098B00007B10433A342A3EB040208BF00234FEA1D
:1098C000A202026108BF4361BDE8F083DCF800C07A
:1098D0000CFA08FC4CEA070749F8047B5EF8047BA5
:1098E000CF40D9E751F804CB47F804CFC2E723466D
:1098F000E0E7A0F13003092B02D82038C0B270474E
:10990000A0F16103052B01D84738F7E7A0F1410327
:10991000052B01D82738F1E7002070472DE9F04FDB
:109920008A46904685B002930B6801909C1CA14624
:1099300014F8010B3028FAD0A9EB0303A3F1020BB2
:10994000FFF7D7FF0546002868D1012248469F4906
:10995000FEF76AFF0746002867D199F801002646FE
:10996000FFF7C7FF002862D02346187899463028B1
:1099700003F10103F9D0FFF7BCFFB0FA80F54FF017
:10998000010B6D094A46164630780132FFF7B1FFE8
:109990000028F8D1012230468C49FEF745FF002807
:1099A0003FD144B9741C2246164630780132FFF785
:1099B000A0FF0028F8D1A41BA700337803F0DF0331
:1099C000502B3ED173782B2B33D02D2B34D0002449
:1099D000711C0878FFF78DFF431EDBB2182B30D8BF
:1099E000A0F1100211F8010FFFF783FF00F1FF3C17
:1099F0005FFA8CFCBCF1180F4FF00A031ED904B1BA
:109A000052421744CAF80010EDB1BBF1000F0CBF71
:109A100006250025284605B0BDE8F08F00252C4618
:109A2000B0E7002CC7D12746C7E74E462F46012591
:109A3000C3E70024B11CCCE70124FBE703FB0200D1
:109A4000CEE73146DEE72946A6EB0903013B072BAB
:109A50000ADC019800F0FEFA044640B90246E4210F
:109A60005B4B5C48FFF71CF801315B10EFE700230C
:109A700000F1140A55469B46B14537D345F804BB5F
:109A8000A5EB0A05AD102561584600F0D3FB6D012A
:109A9000D8F800602D1AB54254DDAD1B294620468A
:109AA00000F061FF814678B14FF001096B1E59113A
:109AB0005AF8211003F01F0209FA02F20A4203D0F9
:109AC0004B4536DC4FF0020929462046FFF7BEFE23
:109AD0002F44D8F80830BB4242DA2146019800F002
:109AE000F7FA00230E9AA325136093E716F8012DC9
:109AF0002E2A12D0202B04D145F804BB4FF0000BC6
:109B00005B4630780393FFF7F4FE039B00F00F00F1
:109B100098404BEA000B0433AEE7B145EAD8012286
:109B200030462A490393FEF77FFE039B0028E1D1CC
:109B3000A2E72046A91E00F016FF0028C2D04FF071
:109B40000309C1E709DA751B21462A46019800F08E
:109B5000D7FC04467F1B00F1140A4FF00009B8E758
:109B6000D8F80450BD426FDDED1BAE4234DCD8F8AE
:109B70000C30022B22D0032B24D0012B15D1AE4266
:109B800013D1012E0BD1D8F80430029A622513604C
:109B900001232361CAF800300E9B1C603AE720467F
:109BA000711E00F0E0FE0028EDD12146019800F082
:109BB0008FFA00230E9A502513602BE70F9B002B82
:109BC000F3D1E0E70F9B002BDDD1EEE7E4B900080D
:109BD00034BB000845BB00086F1EB9F1000F30D13F
:109BE00027B13946204600F0BEFE814601232946B2
:109BF000761B02257A115AF8222007F01F07BB4076
:109C00001342204618BF49F00209FFF71FFED8F89B
:109C10000470B9F1000F47D0D8F80C30022B15D0E2
:109C2000032B17D0012B09D119F0020F06D0DAF857
:109C3000003049EA030919F0010F0ED145F0100573
:109C400032E04FF00109D1E70125E2E70F9BC3F1B4
:109C500001030F930F9B002BF0D04FF0000CD4F8B2
:109C600010B004F114034FEA8B0A03EB8B01184682
:109C700053F8042BB2F1FF3F1BD001320260022DDA
:109C800004F114033CD1D8F80020013AB24209D1C2
:109C90000122711153F8213006F01F0602FA06F670
:109CA0001E423AD145F020050E9B1C60029B1F60AE
:109CB000B0E6994243F804CCD9D8A3689B4517DB9A
:109CC00061680198013100F0C5F9814618B9024672
:109CD0008421194BC5E6226904F10C01023292007D
:109CE0000C30FEF7C8FE2146019800F0F1F94C4611
:109CF00023695A1C2261012204EB83035A61BEE7E7
:109D000022695A450BDD01212046FFF79FFDD8F857
:109D100008300137BB42FFF6E0AE0125C2E716F07E
:109D20001F06FAD0534453F8040C00F083FAC6F12E
:109D30002006B042E7DBF0E734BB0008C2F10802BE
:109D4000920070B5C2F120064368046803FA06F574
:109D50002C43D340046040F8043F8842F4D370BDE4
:109D600030B50368013311F8014B14B903600120C9
:109D700030BD13F8012BA2F14105192D98BF2032F7
:109D8000A242F0D00020F3E72DE9F04F00250B6848
:109D900082465E1102EB860613F01F0318BF0436DD
:109DA000371F9046B9463C46AB4687B001680193E1
:109DB00046F8045C02954A784B1C039342B3104664
:109DC00005910492FFF795FD002853D1049A059957
:109DD000202A18D8029B9B4513DD4C4506D2072D3F
:109DE00004DC2A4649462046FFF7A8FF444554D9DB
:109DF0000023A4F1040944F8043C1D464C46CDF868
:109E000008B00399D7E7292A59D10231CAF80010BE
:109E1000BBF1000F53D04C4506D2072D04DC2A4677
:109E200049462046FFF78AFF444538D92346A8F122
:109E3000040253F8041B9F4242F8041FF9D23B1B53
:109E400023F003030134033EB44288BF0023002102
:109E500008F1040213441A4604339F421160FAD2F7
:109E60003B681BB9474528D101233B60052007B05B
:109E7000BDE8F08F0135082D0BF1010B06DD4445DF
:109E8000BFD90023012544F8043C043C226800F0BB
:109E90000F0040EA02102060B3E70825B1E7019BFC
:109EA000002BDDD04FF0FF32C3F12003DA4056F82B
:109EB000043C134046F8043CD2E7043FD0E70420BA
:109EC000D5E70000024B0146186800F025B800BF36
:109ED0008401002070B50F4E0C463168054611B95B
:109EE00000F09AFF30602146284600F095FF431CA1
:109EF00003D14FF0FF34204670BDC41C24F003048E
:109F0000A042F8D0211A284600F086FF0130F2D195
:109F1000EFE700BF8C0A00202DE9F843CD1C25F0A7
:109F2000030508350C2D38BF0C25002D064601DB36
:109F3000A94204D90C2333600020BDE8F883DFF880
:109F4000D48000F07BF8D8F800301C4644BB29468A
:109F50003046FFF7BFFF431C044658D1D8F80040F5
:109F60002746002F43D1002C4BD02368394630467A
:109F700004EB030900F050FF814542D121683046CF
:109F80006D1A2946FFF7A6FF01303AD023682B440B
:109F90002360D8F800305A6862BBC8F800700FE040
:109FA0002268521B20D40B2A17D96119A3422560BD
:109FB00018BF5960636808BFC8F8001062514B6051
:109FC000304600F041F804F10B00231D20F007009B
:109FD000C21A1CBF1B1AA350AFE76268A3420CBF92
:109FE000C8F800205A60EBE723466468AEE73C46B9
:109FF0007F68B6E71A465B68A342FBD10023536033
:10A00000DEE70C233046336000F01EF894E705606D
:10A01000D6E700BF900A002082B001B901A942B181
:10A020004BB113780B601278101E18BF012002B0DC
:10A0300070471046FBE76FF00100F8E70148FEF7B4
:10A040000ABD00BF880A00200148FEF705BD00BF19
:10A05000880A002070B5C46905460E4684B91020F0
:10A06000FFF730FF0446E86128B902466B21164B22
:10A070001648FEF715FD0023C0E901330360C360F5
:10A08000E36853B921220421284600F0DCFEEB6985
:10A09000E060DB680BB9002070BD53F8260030B1DA
:10A0A000026843F826200023C0E90333F4E70121C6
:10A0B00001FA06F4621D2846920000F0C4FE002852
:10A0C000E9D0C0E90164EEE71ABA0008A5BB0008B0
:10A0D00070B5C66905460C4676B91020FFF7F2FE4A
:10A0E0000246E86120B98F21084B0948FEF7D8FCE9
:10A0F000C0E901660660C6603CB1EB696268DB6876
:10A1000053F82210216043F8224070BD1ABA0008AB
:10A11000A5BB00082DE9F04107460C461E4600206D
:10A120000D6901F1140CDCF80030013099B202FB2A
:10A1300001611E0C0B0C02FB063389B201EB0341DB
:10A1400085424FEA13464CF8041BECDC0EB3A368BF
:10A15000AB4219DC616838460131FFF77BFF80466E
:10A1600028B90246BA210C4B0C48FEF799FC22692B
:10A1700004F10C01023292000C30FEF77CFC214607
:10A180003846FFF7A5FF444604EB850301355E61C1
:10A1900025612046BDE8F08134BB0008A5BB00085E
:10A1A0002DE9F843154609221F4608330C4693FB58
:10A1B000F2F30646012200219A4209DB3046FFF7FE
:10A1C00049FF40B90246D321184B1948FEF768FCF5
:10A1D00052000131F0E7089B092D43614FF0010364
:10A1E000036116DD04F10908C1462C4419F8013B4E
:10A1F00001460A223046303BFFF78CFFA145F5D1DE
:10A20000A844A8F108042D1B63199F4204DCBDE893
:10A21000F88309250A34F6E714F8013B01460A22BF
:10A220003046303BFFF776FFEEE700BF34BB000857
:10A23000A5BB00080346B0F5803F3ABF03041020D9
:10A240000020B3F1807F3CBF1B020830B3F1805F78
:10A250003CBF1B010430B3F1804F3CBF9B00023078
:10A26000002B05DB13F0804F00F1010008BF202018
:10A2700070470368024613F007000BD0D90721D4BA
:10A28000980749BF5B089B08012013605CBF022050
:10A290001360704799B209B910201B0CD9B209B9E3
:10A2A00008301B0A190704BF1B090430990704BFB3
:10A2B0009B080230D90703D45B0800F1010003D0EA
:10A2C00013607047002070472020704710B50C467F
:10A2D0000121FFF7BFFE024628B940F24511044BA9
:10A2E0000448FEF7DDFB01234461036110BD00BF9C
:10A2F00034BB0008A5BB00082DE9F04FD1F8109041
:10A30000D2F810A08846D145144685B004DB5346E8
:10A310000C46CA4690469946A36861680AEB09064E
:10A32000B342B8BF0131FFF795FE30B902464FF492
:10A33000B171434B4348FEF7B3FB00F114052B46C4
:10A34000002205EB8607BB421FD304F1140C08F171
:10A3500014010CEB8A0301EB890202921A1B153AD5
:10A3600022F0030215349C4288BF00220192029A17
:10A3700003918A420CD8002E03DD57F8043D002BD0
:10A380005CD0066105B0BDE8F08F43F8042BDAE736
:10A39000B1F800A0BAF1000F23D0E046A9464FF073
:10A3A000000E58F8042BD9F800401FFA82FBA4B223
:10A3B0000AFB0B447444D9F800E0120C4FEA1E4E1D
:10A3C0000AFB02E202EB1442A4B244EA024443450F
:10A3D0004FEA124E49F8044BE3D8019AAA18C2F882
:10A3E00004E0039A0431B2F80280B8F1000F23D0E0
:10A3F0002A68E6469146AA464FF0000BBEF8004098
:10A4000092B208FB04B404EB194442EA04424AF84D
:10A41000042B5EF8042BDAF800904FEA124B1FFA77
:10A4200089F208FB0B22734502EB14424FEA124BF0
:10A43000E4D8019C2C196260043598E7013E9AE744
:10A4400034BB0008A5BB00082DE9F843174612F0FD
:10A45000030280460D4607D0264C013A002354F8EB
:10A460002220FFF757FE0546BF103FD0D8F81C400A
:10A4700094B91020FFF726FD0446C8F81C0030B937
:10A48000024640F2B3111C4B1C48FEF709FB0023A7
:10A49000C0E901330360C360A66846B940F2712188
:10A4A0004046FFF713FF00230646A06003602C46DA
:10A4B0004FF0000907F001037F1053B129463246DF
:10A4C0004046FFF719FF214605464046FFF700FECC
:10A4D00067B1306838B9324631464046FFF70CFF65
:10A4E0003060C0F8009006462C46E3E72846BDE8F9
:10A4F000F88300BF60BC00081ABA0008A5BB0008BA
:10A500002DE9F84F0C46074615462369496803EBC9
:10A510006218A3684FEA621A08F101094B450BDB88
:10A520003846FFF797FD064648B902464FF4EF71EB
:10A53000274B2848FEF7B4FA01315B00EEE7002311
:10A54000194600F1140C00F11002534534DB226966
:10A550002AEAEA7A0CEB8A0C04F1140315F01F0EB8
:10A56000614603EB82022BD00025CEF1200A8B46F8
:10A570001868043100FA0EF02843CBF8000053F8B5
:10A58000045B9A4225FA0AF5F1D8131B153B23F018
:10A59000030304F115018A4238BF00239C44CCF820
:10A5A000045005B9C14638462146C6F81090FFF759
:10A5B0008FFD3046BDE8F88F42F8041F0133C4E731
:10A5C00053F8045B04319A4241F8045CF8D8E9E797
:10A5D00034BB0008A5BB000803460A69006930B512
:10A5E000801A0ED11433143103EB820401EB820183
:10A5F00054F8045D51F8042D954203D005D24FF074
:10A60000FF3030BDA342F3D3FBE70120F9E70000A0
:10A610002DE9F74F8A460646114650461446FFF785
:10A62000DBFF051E12D129463046FFF713FD024617
:10A6300028B940F23721404B4048FEF731FA012358
:10A64000C0E90435104603B0BDE8F08FBCBF5346E7
:10A65000A2463046DAF80410BABF1C460125002590
:10A66000FFF7F8FC024618B940F24521324BE3E708
:10A67000C56000F11405AB464FF0000CDAF810701D
:10A6800026690AF1140904F1140E0AF1100309EB0A
:10A6900087080EEB86060193019B5EF8040B53F8C6
:10A6A00004AF81B201931FFA8AF35B1A000C634472
:10A6B000C0EB1A4000EB23409BB243EA00437645CF
:10A6C0004FEA204C4BF8043BE6D8331B153B1534BE
:10A6D00023F00303A64238BF0023E8184B441C1D97
:10A6E00026460430A5EB0905464506EB050E0ED3BC
:10A6F00008F10301091B21F003010133984538BF1C
:10A700000021014451F8043DA3B117619AE7E246E4
:10A7100056F8041B1FFA81FCD4444FEA11495144F6
:10A7200009EB2C4989B241EA09414FEA294CCEF89C
:10A730000010D9E7013FE5E734BB0008A5BB0008DE
:10A740000E4B0B40A3F15073002B08DC5B42B3F1BE
:10A75000A07F4FEA235204DA4FF400231341002272
:10A7600008E0A2F114031E2BD6BF4FF000420122D5
:10A77000DA40002319461046704700BF0000F07F02
:10A780000269F8B500F1140707EB820252F8044C95
:10A790001E4D2046FFF74EFD0346C0F120000A2B58
:10A7A000A2F10406086012DCB7422CBF002252F866
:10A7B000082CC3F10B0C153324FA0CFE04FA03F336
:10A7C00022FA0CF24EEA05011A431046F8BDB742D0
:10A7D00036BFA2F10806002252F8082C0B3B12D01B
:10A7E000C3F1200522FA05F19C400C43BE4244F01F
:10A7F0007F5194BF002456F8044C9A40EC4041F439
:10A8000040112243E1E744EA0501DEE70000F03FA2
:10A810002DE97343012190469946089EFFF71AFCE3
:10A82000044630B9024640F20F31234B2348FEF76D
:10A8300037F9C9F30A55C9F313030DB143F4801373
:10A840000193B8F1000324D068460093FFF711FD8F
:10A850000099E0B1019AC0F1200302FA03F30B431F
:10A86000C24063610192019B002B0CBF01220222B6
:10A87000A3612261ADB1A5F2334505443560C0F155
:10A880003500099B1860204602B0BDE87083616105
:10A89000E9E701A8FFF7EDFC019B0122636120308D
:10A8A000E7E7A0F2324004EB820330601869FFF75B
:10A8B000C1FCC0EB4210E4E734BB0008A5BB0008B4
:10A8C0002DE9F04F85B0CDE9001002A9FFF758FF40
:10A8D0008B4606460F46009803A9FFF751FF0D4629
:10A8E000019B89461969009B04461B693046C91AB9
:10A8F000DDE902329B1A03EB4113002BCDBF3A4630
:10A900002A46C3EB033302EB035BD8BF02EB0359C8
:10A910004B4622465946F6F769FA05B0BDE8F08F76
:10A92000013970B549111469013102F1140300EBCA
:10A93000810103EB8404051FA3420CD3A31A113B2E
:10A9400023F003031132944238BF0023184400233C
:10A95000884205D370BD53F8046B45F8046FEBE7EC
:10A9600040F8043BF4E700F1140200694B119842EF
:10A9700010B511DB0ADD11F01F0107D052F823409A
:10A9800024FA01F000FA01F18C420BD102EB8303AF
:10A99000934203D8002010BD0346F7E753F8041D87
:10A9A0000029F5D00120F6E70346084641B1FF2A09
:10A9B00004D98A224FF0FF301A60704701200A70D4
:10A9C00070472DE9F0471F468E688246BE420C460E
:10A9D0009046334653D8B1F90C0010F4906F2BD049
:10A9E00065692368096905EB4505A3EB010905EBDA
:10A9F000D5757B1C6D104B44AB422A4684BF1D4667
:10AA00002A46430527D511465046FFF785FA0646E4
:10AA100058B34A462169FEF72EF8A38923F49063C0
:10AA200043F08003A38126614E4426603B463E46A8
:10AA30006561A5EB0905A5601F463A4641462068B9
:10AA400000F0D0F90020A3689B1BA36023683B445F
:10AA50002360BDE8F087504600F009FA064600285A
:10AA6000E1D150462169FEF7A9FE0C23CAF8003057
:10AA7000A3894FF0FF3043F04003A381E9E73E464E
:10AA8000DBE700002DE9F0471F468B8906461B06D1
:10AA90000D4614469CB010D50B6973B94021FFF7E1
:10AAA0003BFA2860286130B90C2333604FF0FF3047
:10AAB0001CB0BDE8F08740236B610023099320237D
:10AAC0008DF8293030234FF001080397644F8DF83B
:10AAD0002A302346994613F8012B0AB1252AF9D1C9
:10AAE000B9EB040A0BD05346224629463046FFF7FD
:10AAF00068FF013000F0A480099A5244099299F845
:10AB00000030002B00F09C8000234FF0FF32CDE995
:10AB1000052309F10109049307938DF853301A9323
:10AB20004C46052214F8011B4D48FDF796FF049B87
:10AB3000D0B9D80644BF20228DF85320190744BF4E
:10AB40002B228DF8532099F800202A2A13D04C4646
:10AB500000204FF00A0C079A214611F8013B303BC8
:10AB6000092B49D968B913E0C01B08FA00F0184353
:10AB7000A1460490D4E7039A111D12680391002A9C
:10AB800001DB079204E0524243F002030792049370
:10AB900023782E2B0AD163782A2B32D1039B0234DF
:10ABA0001A1D1B68039243EAE3730593DFF8B49020
:10ABB000032248462178FDF750FF38B14022049B1C
:10ABC000A0EB0900824013430134049314F8011BE5
:10ABD000062225488DF82810FDF73FFF002835D0C4
:10ABE000224818BB039B073323F007030833039362
:10ABF000099B034409936CE70C4601200CFB0232CD
:10AC0000AAE700234FF00A0C1946013405932046A9
:10AC100010F8012B303A092A03D9002BC6D0059130
:10AC2000C4E7044601230CFB0121F0E703AB0093CA
:10AC30002A4630460E4B04A9FDF7B0F8421CD7D186
:10AC4000AB895B063FF532AF099831E703AB009360
:10AC50002A463046064B04A9FDF73EFBEEE700BF4F
:10AC6000FEBB000804BC000808BC00089D7D00086D
:10AC7000C3A90008B1F90C20F8B5160705460C4623
:10AC800051D44B68002B02DC0B6C002B49DDE66ACB
:10AC9000002E46D0002312F480522F682B6031D052
:10ACA000626DA389590705D56368D21A636B0BB12E
:10ACB000236CD21A00232846E66A216AB047421C58
:10ACC000B4F90C3006D129681D2945D8274ACA4055
:10ACD000D60741D5002262602269D904226004D5DA
:10ACE000421C01D12B6803B96065616B2F60C1B153
:10ACF00004F14403994202D02846FEF75FFD002389
:10AD000063630EE001232846216AB0470246501CC7
:10AD1000C7D12B68002BC4D01D2B01D0162B19D105
:10AD20002F6000201DE00F69002FFAD0930718BF95
:10AD300000230E6808BF4B69F61B0F608B60002E66
:10AD4000EFDD33463A462846216AD4F828C0E0476A
:10AD5000002807DCB4F90C304FF0FF3043F040031B
:10AD6000A381F8BD0744361AE9E700BF010040207F
:10AD700038B50B6905460C4613B90025284638BD81
:10AD800018B1036A0BB9FDF75BFCB4F90C30002B6A
:10AD9000F3D0626ED00704D4990502D4A06DFDF7FC
:10ADA0005AFE28462146FFF765FF636E0546DA071F
:10ADB000E4D4A3899B05E1D4A06DFDF74DFEDDE74A
:10ADC0000EB403B5014603AB054853F8042B0068E5
:10ADD000019300F0A1F802B05DF804EB03B07047F6
:10ADE00084010020884210B501EB020402D984429C
:10ADF000234607D8431EA14207D011F8012B03F8C0
:10AE0000012FF8E70244824200D110BD13F8011D62
:10AE100002F8011DF7E7000038B50023054D044690
:10AE200008462B60FAF78AFC431C02D12B6803B159
:10AE3000236038BD840A0020062008B500F03AFAE5
:10AE40000120FAF7C8FC70B5A1FB025434B92946B9
:10AE5000FFF762F8064628B9304670BD0C2200267E
:10AE60000260F9E72A462146FDF7D6FCF4E72DE912
:10AE7000F041074614460D4621B91146BDE8F041A0
:10AE8000FFF74AB82AB9FEF799FC25462846BDE8DF
:10AE9000F08100F02BFA8442064602D8B4EB500F42
:10AEA000F4D821463846FFF737F8804608B94546BA
:10AEB000ECE7B4422246294628BF3246FDF7DBFDC7
:10AEC00029463846FEF77AFCF1E7936810B4013B57
:10AED000002B936007DA9469A34201DB0A2902D1AF
:10AEE00010BC00F02DB91368581C1060197008468A
:10AEF00010BC7047F8B506460F461446D518AC424C
:10AF000001D1002007E03A46304614F8011BFFF754
:10AF1000DCFF431CF3D1F8BD2DE9F0470D46144684
:10AF20001F4606469CB018B1036A0BB9FDF788FBB3
:10AF30006B6ED90705D4AB899A0502D4A86DFDF7CD
:10AF40008AFDAB891B0701D52B699BB92946304681
:10AF500000F034F970B16B6EDC0704D54FF0FF30B0
:10AF60001CB0BDE8F087AB899805F7D4A86DFDF754
:10AF700073FDF3E70023099320238DF82930302354
:10AF80004FF001080397694F8DF82A302346994600
:10AF900013F8012B0AB1252AF9D1B9EB040A0BD019
:10AFA0005346224629463046FFF7A4FF013000F001
:10AFB000A480099A5244099299F80030002B00F0BD
:10AFC0009C8000234FF0FF32CDE9052309F10109F0
:10AFD000049307938DF853301A934C46052214F8C6
:10AFE000011B5248FDF739FD049BD0B9D90644BF77
:10AFF00020228DF853201A0744BF2B228DF85320AE
:10B0000099F800202A2A13D04C4600204FF00A0C51
:10B01000079A214611F8013B303B092B49D968B901
:10B0200013E0C01B08FA00F01843A1460490D4E7CF
:10B03000039A111D12680391002A01DB079204E0B4
:10B04000524243F002030792049323782E2B0AD135
:10B0500063782A2B32D1039B02341A1D1B6803929A
:10B0600043EAE3730593DFF8C8900322484621784A
:10B07000FDF7F3FC38B14022049BA0EB09008240AD
:10B0800013430134049314F8011B062229488DF858
:10B090002810FDF7E2FC00283ED0274818BB039B90
:10B0A000073323F0070308330393099B03440993F1
:10B0B0006CE70C4601200CFB0232AAE700234FF09C
:10B0C0000A0C194601340593204610F8012B303A3A
:10B0D000092A03D9002BC6D00591C4E704460123F1
:10B0E0000CFB0121F0E703AB00932A463046134BDB
:10B0F00004A9FCF753FE431CD7D16B6ED90705D4C6
:10B10000AB899A0502D4A86DFDF7A6FCAB895B0656
:10B110003FF524AF099823E703AB00932A46304656
:10B12000064B04A9FDF7D8F8E5E700BFFEBB000811
:10B1300004BC000808BC00089D7D0008F5AE0008AE
:10B14000F8B50E461446054618B1036A0BB9FDF76B
:10B1500077FAA369A360A3891A0701D5236943B9C4
:10B160002146284600F02AF818B14FF0FF3738463C
:10B17000F8BD23682269F6B2981A6369374683429C
:10B1800005DC21462846FFF7F3FD0028EDD1A36832
:10B19000013BA36023685A1C22601E706269431C35
:10B1A0009A4204D0A389DB07E1D50A2EDFD12146DC
:10B1B0002846FFF7DDFD0028D9D0D6E738B5284B63
:10B1C000054618680C4618B1036A0BB9FDF738FA42
:10B1D000B4F90C301A0721D4D80607D409222A6002
:10B1E00043F040034FF0FF30A38130E0590712D500
:10B1F000616B41B104F14403994202D02846FEF745
:10B20000DDFA002363630022B4F90C306260226926
:10B2100023F02403226043F00803A38122693AB992
:10B220009A0501D5180603D52146284600F08AF86C
:10B23000B4F90C3013F001020AD00022A260626956
:10B240005242A261226942B913F08000C8D138BDD0
:10B25000990758BF6269A260F4E70020F7E700BFD2
:10B26000840100201F2938B505460C4604D9162351
:10B2700003604FF0FF3038BDC26B12B152F821307D
:10B280004BB9284600F030F8224601462846BDE872
:10B29000384000F017B8012B0AD0591C03D11623EF
:10B2A00003600120E7E70021204642F82410984778
:10B2B0000020E0E7024B01461868FFF7D3BF00BF4C
:10B2C0008401002038B50023064D04460846114687
:10B2D0002B60FAF770FA431C02D12B6803B123608C
:10B2E00038BD00BF840A0020FAF75EBA51F8043C6A
:10B2F000181F002BBCBF0B58C018704770B50C4608
:10B30000B1F90E10154600291E4696B00ADAA18939
:10B3100011F0800113D14FF48062002031602A6067
:10B3200016B070BD6A4600F047F80028EFDB0199BF
:10B3300001F47041A1F5005359425941EBE7002156
:10B340004022EAE78B8973B59E0705460C4607D570
:10B3500004F14703236023610123636102B070BDE0
:10B3600001AB6A46FFF7CAFF009E28463146FEF74A
:10B37000D3FDB4F90C3038B99A05EFD423F00303A8
:10B3800043F00203A381E3E743F08003A381019B21
:10B39000C4E904062060002BE0D02846B4F90E1062
:10B3A00000F01CF80028D9D0A38923F0030343F050
:10B3B0000103A381D2E7000038B50023064D0446FF
:10B3C000084611462B60FAF755FA431C02D12B6848
:10B3D00003B1236038BD00BF840A002038B50023C4
:10B3E000054D044608462B60FAF753FA431C02D178
:10B3F0002B6803B1236038BD840A0020F8B500BF74
:10B40000F8BC08BC9E467047F8B500BFF8BC08BC45
:04B410009E4670479D
:10B418005359533A206D6F74696F6E2D3E57414BE7
:10B4280045200D0A000000005359533A20356D6934
:10B438006E2073746174696F6E617279200D0A00F1
:10B448005359533A2047505320666978200D0A0013
:10B458005359533A2053494D205458206661696C1A
:10B468000D0A00005359533A2066696E616C2054E6
:10B478005820646F6E65200D0A0000005359533A36
:10B4880020626F6F740D0A005359533A2077616B2D
:10B49800652D3E414354495645200D0A00000000E1
:10B4A8004750533A206275662025640D0A00000053
:10B4B8006669656C64313D252E3566266669656C5E
:10B4C80064323D252E3566266669656C64333D25F4
:10B4D8002E3166005359533A20545820252E35668C
:10B4E8002C252E35660D0A005359533A20545820FE
:10B4F800736B6970200D0A005359533A2066696EC0
:10B50800616C2054580D0A005359533A20736875DA
:10B5180074646F776E0D0A005359533A2073746F31
:10B52800700D0A005359533A20776F6B650D0A0066
:10B53800244750524D4300002C0000004750533A16
:10B5480020696E69740D0A004750533A206261639E
:10B558006B75700D0A0000004750533A2077616BF5
:10B56800650D0A00B56202410800000000000200F3
:10B5780000004D3B4750533A206669783D256420CA
:10B588007370643D252E31660D0A00004750533A0A
:10B5980020666978204F4B0D0A0000004D50553A3F
:10B5A8002057484F5F414D5F493D3078253032582C
:10B5B800206166746572203320617474656D7074DF
:10B5C800732E20436865636B20776972696E672EF6
:10B5D8000D0A00004D50553A204F4B0D0A0000004F
:10B5E8004D50553A2063616C6962726174696E6787
:10B5F8002E2E2E0D0A000000205741524E3A6D6F34
:10B60800766520647572696E672063616C2100003D
:10B61800000000004D50553A2063616C20583D25CC
:10B628002E326620593D252E3266205A3D252E326F
:10B6380066206D61673D252E326625730D0A000070
:10B648004D50553A20494E54207468723D25642067
:10B658006475723D25640D0A000000004D50553A8E
:10B668002077616B652D3E76616C69646174650D48
:10B678000A0000004D50553A2076617220E280940D
:10B688002076617269616E63653D252E36662028D5
:10B698007468726573686F6C643D252E3666292E52
:10B6A8000D0A00004D50553A206D6F74696F6E2D6C
:10B6B8003E4859535420E286922041435449564506
:10B6C8005F485953544552455349532E0D0A0000BB
:10B6D8004D50553A2066616C736520616C61726DDE
:10B6E8002D3E736C6565700D0A0000004D5055368F
:10B6F8003035303A20356D696E2073746174696F26
:10B708006E61727920E2869220534C4545505F4D18
:10B718004F4E49544F522E0D0A0000004D50553AD5
:10B72800206163746976652028666F726365642991
:10B738000D0A000054583A202573000053494D3A29
:10B74800205057524B455920256C75206D732E0D8E
:10B758000A00000053494D3A20696E69740D0A00C9
:10B7680053494D3A2070726F62650D0A000000005F
:10B7780041540D0A0000000053494D3A20706F777C
:10B788006572206F66660D0A0000000053494D3A45
:10B798002077616B650D0A0041542B485454505072
:10B7A8004152413D2255524C222C22687474703A01
:10B7B8002F2F6170692E7468696E67737065616B8D
:10B7C8002E636F6D2F7570646174653F6170695F7A
:10B7D8006B65793D4D4338303052554B5841484C94
:10B7E8005749375726000000257325732573000035
:10B7F800220D0A004F4B000053494D3A20616C69F5
:10B8080076650D0A00000000415445300D0A00001D
:10B8180053494D3A20706F776572206F6E0D0A009C
:10B82800415452454144590053494D3A20415452DC
:10B83800454144590D0A000053494D3A20415445A9
:10B84800300D0A006D6F626974656C0041542B43BA
:10B858004744434F4E543D312C224950222C222537
:10B8680073220D0A0000000041542B434741435402
:10B878003D312C310D0A000041542B4353434C4BAE
:10B888003D320D0A0000000041542B43494D490D3B
:10B898000A00000041542B4353510D0A00000000D8
:10B8A80053494D3A206E6574204F4B202D3E204C55
:10B8B800494748545F534C4545500D0A0000000065
:10B8C80041542B48545450494E49540D0A00000025
:10B8D80041542B48545450504152413D224349440D
:10B8E800222C310D0A00000041542B485454504179
:10B8F8004354494F4E3D300D0A00000041542B4837
:10B908005454505445524D0D0A00000053494D3AC5
:10B918002075706C6F6164204F4B0D0A00000000A9
:10B9280052583A2025730000323030004552524FA9
:10B93800520000002B48545450414354494F4E0084
:10B9480053494D3A20636667204552522C20636F55
:10B958006E74696E75696E670D0A000053494D3A39
:10B96800204154204552520D0A00000053494D3AD7
:10B978002074696D656F75742028256C75206D734A
:10B98800292E0D0A0000000053494D3A20636667CE
:10B998002074696D656F75742C20636F6E74696EA1
:10B9A80075696E670D0A00000000000000000000C5
:10B9B800010203040607080900000000010203044D
:10B9C80002030405060708090A0B0C0D0E0F1010D8
:10B9D800010200006042A20D0000803F2E00494E87
:10B9E8004600696E66004E414E006E616E00300082
:10B9F800303132333435363738394142434445469D
:10BA08000030313233343536373839616263646532
:10BA180066005245454E54206D616C6C6F6320730F
:10BA28007563636565646564002F6275696C642F6E
:10BA3800676E752D746F6F6C732D666F722D7374CE
:10BA48006D33325F31342E332E72656C312E3230C5
:10BA58003235313032372D303730302F7372632F13
:10BA68006E65776C69622F6E65776C69622F6C6999
:10BA780062632F737472696E672F737472746F6B5D
:10BA88002E63004300504F534958002C2066756EB2
:10BA98006374696F6E3A2000617373657274696FBD
:10BAA8006E2022257322206661696C65643A2066DF
:10BAB800696C6520222573222C206C696E6520250F
:10BAC80064257325730A00496E66696E6974790086
:10BAD8004E614E002F6275696C642F676E752D7408
:10BAE8006F6F6C732D666F722D73746D33325F31A7
:10BAF800342E332E72656C312E323032353130327D
:10BB0800372D303730302F7372632F6E65776C693D
:10BB1800622F6E65776C69622F6C6962632F73742C
:10BB2800646C69622F64746F612E630042616C6C8F
:10BB38006F6320737563636565646564002F627560
:10BB4800696C642F676E752D746F6F6C732D666FDB
:10BB5800722D73746D33325F31342E332E72656CEF
:10BB6800312E32303235313032372D303730302FB8
:10BB78007372632F6E65776C69622F6E65776C6977
:10BB8800622F6C6962632F7374646C69622F6764D7
:10BB9800746F612D6765746865782E63002F627510
:10BBA800696C642F676E752D746F6F6C732D666F7B
:10BBB800722D73746D33325F31342E332E72656C8F
:10BBC800312E32303235313032372D303730302F58
:10BBD8007372632F6E65776C69622F6E65776C6917
:10BBE800622F6C6962632F7374646C69622F6D7065
:10BBF8007265632E6300232D302B2000686C4C0087
:10BC0800656667454647000034000000CEFBFFFF2D
:10BC1800CB03000001000000000000003500000018
:10BC2800CEFBFFFFCB030000010000000000000076
:10BC3800BC89D897B2D29C3C33A7A8D523F64939FA
:10BC48003DA7F444FD0FA5329D978CCF08BA5B251C
:10BC5800436FAC6428066811050000001900000055
:10BC68007D000000000000000080E03779C34143F8
:10BC7800176E05B5B5B89346F5F93FE9034F384D4A
:10BC8800321D30F94877825A3CBF737FDD4F1575F6
:10BC9800000000000000F03F000000000000244009
:10BCA80000000000000059400000000000408F40E4
:10BCB800000000000088C34000000000006AF8404F
:10BCC8000000000080842E4100000000D012634173
:10BCD8000000000084D797410000000065CDCD41E9
:10BCE800000000205FA00242000000E876483742CA
:10BCF800000000A2941A6D42000040E59C30A24268
:10BD08000000901EC4BCD64200003426F56B0C43DC
:10BD18000080E03779C3414300A0D8855734764383
:10BD280000C84E676DC1AB43003D9160E458E143E4
:10BD3800408CB5781DAF154450EFE2D6E41A4B4459
:10BD480092D54D06CFF08044F64AE1C7022DB5449E
:10BD5800B49DD9794378EA4400202020202020206F
:10BD680020202828282828202020202020202020A3
:10BD780020202020202020202088101010101010B3
:10BD880010101010101010101004040404040404FF
:10BD98000404041010101010101041414141414199
:10BDA800010101010101010101010101010101017B
:10BDB800010101011010101010104242424242428B
:10BDC800020202020202020202020202020202024B
:10BDD80002020202101010102000000000000000F3
:10BDE800000000000000000000000000000000004B
:10BDF800000000000000000000000000000000003B
:10BE0800000000000000000000000000000000002A
:10BE1800000000000000000000000000000000001A
:10BE2800000000000000000000000000000000000A
:10BE380000000000000000000000000000000000FA
:10BE480000000000000000000000000000000000EA
:0CBE5800000000000000000000000000DE
:08BE6400244DFF7F01000000E6
:04BE6C003501000894
:04BE700011010008B4
:10BE740000127A0010000000010000000000000021
:10BE840003000000480900204300000000000000F7
:10BE9400000000000000000000000000000000009E
:10BEA400000000000000000043000000000000004B
:10BEB400000000000000000000000000000000007E
:10BEC400000000000000000043000000000000002B
:10BED400000000000000000000000000000000005E
:10BEE400000000000000000043000000000000000B
:10BEF400000000000000000000000000000000003E
:10BF040000000000000000004300000000000000EA
:10BF1400000000000000000000000000000000001D
:10BF240000000000000000004300000000000000CA
:10BF340000000000000000000000000000000000FD
:10BF440000000000000000004300000000000000AA
:10BF540000000000000000000000000000000000DD
:10BF64000000000000000000A9A9000819A00008B2
:10BF74000000000060BD0008E4B90008CEBA000863
:10BF8400CEBA0008CEBA0008CEBA0008CEBA00086D
:10BF9400CEBA0008CEBA0008CEBA0008CEBA00085D
:10BFA400FFFFFFFFFFFFFFFFFFFFFFFFFFFF00009B
:10BFB4000100415343494900000000000000000013
:10BFC400000000000000000000000000000000006D
:10BFD40000004153434949000000000000000000F4
:10BFE400000000000000000000000000000000004D
:10BFF4000000000088010020000000004809002023
:10C00400B0090020180A0020000000000000000011
:10C01400000000000000000000000000000000001C
:10C02400000000000000000000000000000000000C
:10C0340000000000000000000000000000000000FC
:04C0440000000000F8
:04000005080058C1D6
:00000001FF
